filename,original_class,class_name,multiclass_label,split,fold,source_id,relative_path,duration_sec
esc50_f1_chirping_birds_1-100038-A-14.wav,chirping_birds,other,0,train,1,esc50_100038,dataset_multiclass_v4/train/other/esc50_f1_chirping_birds_1-100038-A-14.wav,5.0
esc50_f1_vacuum_cleaner_1-100210-A-36.wav,vacuum_cleaner,other,0,train,1,esc50_100210,dataset_multiclass_v4/train/other/esc50_f1_vacuum_cleaner_1-100210-A-36.wav,5.0
esc50_f1_vacuum_cleaner_1-100210-B-36.wav,vacuum_cleaner,other,0,train,1,esc50_100210,dataset_multiclass_v4/train/other/esc50_f1_vacuum_cleaner_1-100210-B-36.wav,5.0
esc50_f1_door_wood_knock_1-101336-A-30.wav,door_wood_knock,knock,3,train,1,esc50_101336,dataset_multiclass_v4/train/knock/esc50_f1_door_wood_knock_1-101336-A-30.wav,5.0
esc50_f1_can_opening_1-101404-A-34.wav,can_opening,other,0,train,1,esc50_101404,dataset_multiclass_v4/train/other/esc50_f1_can_opening_1-101404-A-34.wav,5.0
esc50_f1_door_wood_knock_1-103995-A-30.wav,door_wood_knock,knock,3,train,1,esc50_103995,dataset_multiclass_v4/train/knock/esc50_f1_door_wood_knock_1-103995-A-30.wav,5.0
esc50_f1_door_wood_knock_1-103999-A-30.wav,door_wood_knock,knock,3,train,1,esc50_103999,dataset_multiclass_v4/train/knock/esc50_f1_door_wood_knock_1-103999-A-30.wav,5.0
esc50_f1_clapping_1-104089-A-22.wav,clapping,clap,2,train,1,esc50_104089,dataset_multiclass_v4/train/clap/esc50_f1_clapping_1-104089-A-22.wav,5.0
esc50_f1_clapping_1-104089-B-22.wav,clapping,clap,2,train,1,esc50_104089,dataset_multiclass_v4/train/clap/esc50_f1_clapping_1-104089-B-22.wav,5.0
esc50_f1_clapping_1-105224-A-22.wav,clapping,clap,2,train,1,esc50_105224,dataset_multiclass_v4/train/clap/esc50_f1_clapping_1-105224-A-22.wav,5.0
esc50_f1_clapping_1-110537-A-22.wav,clapping,clap,2,train,1,esc50_110537,dataset_multiclass_v4/train/clap/esc50_f1_clapping_1-110537-A-22.wav,5.0
esc50_f1_clapping_1-115920-A-22.wav,clapping,clap,2,train,1,esc50_115920,dataset_multiclass_v4/train/clap/esc50_f1_clapping_1-115920-A-22.wav,5.0
esc50_f1_clapping_1-115920-B-22.wav,clapping,clap,2,train,1,esc50_115920,dataset_multiclass_v4/train/clap/esc50_f1_clapping_1-115920-B-22.wav,5.0
esc50_f1_clapping_1-115921-A-22.wav,clapping,clap,2,train,1,esc50_115921,dataset_multiclass_v4/train/clap/esc50_f1_clapping_1-115921-A-22.wav,5.0
esc50_f1_mouse_click_1-118206-A-31.wav,mouse_click,other,0,train,1,esc50_118206,dataset_multiclass_v4/train/other/esc50_f1_mouse_click_1-118206-A-31.wav,5.0
esc50_f1_train_1-119125-A-45.wav,train,other,0,train,1,esc50_119125,dataset_multiclass_v4/train/other/esc50_f1_train_1-119125-A-45.wav,5.0
esc50_f1_water_drops_1-12653-A-15.wav,water_drops,other,0,train,1,esc50_12653,dataset_multiclass_v4/train/other/esc50_f1_water_drops_1-12653-A-15.wav,5.0
esc50_f1_water_drops_1-12654-A-15.wav,water_drops,other,0,train,1,esc50_12654,dataset_multiclass_v4/train/other/esc50_f1_water_drops_1-12654-A-15.wav,5.0
esc50_f1_water_drops_1-12654-B-15.wav,water_drops,other,0,train,1,esc50_12654,dataset_multiclass_v4/train/other/esc50_f1_water_drops_1-12654-B-15.wav,5.0
esc50_f1_keyboard_typing_1-137-A-32.wav,keyboard_typing,other,0,train,1,esc50_137,dataset_multiclass_v4/train/other/esc50_f1_keyboard_typing_1-137-A-32.wav,5.0
esc50_f1_wind_1-137296-A-16.wav,wind,other,0,train,1,esc50_137296,dataset_multiclass_v4/train/other/esc50_f1_wind_1-137296-A-16.wav,5.0
esc50_f1_footsteps_1-155858-A-25.wav,footsteps,footstep,1,train,1,esc50_155858,dataset_multiclass_v4/train/footstep/esc50_f1_footsteps_1-155858-A-25.wav,5.0
esc50_f1_footsteps_1-155858-B-25.wav,footsteps,footstep,1,train,1,esc50_155858,dataset_multiclass_v4/train/footstep/esc50_f1_footsteps_1-155858-B-25.wav,5.0
esc50_f1_footsteps_1-155858-C-25.wav,footsteps,footstep,1,train,1,esc50_155858,dataset_multiclass_v4/train/footstep/esc50_f1_footsteps_1-155858-C-25.wav,5.0
esc50_f1_footsteps_1-155858-D-25.wav,footsteps,footstep,1,train,1,esc50_155858,dataset_multiclass_v4/train/footstep/esc50_f1_footsteps_1-155858-D-25.wav,5.0
esc50_f1_footsteps_1-155858-E-25.wav,footsteps,footstep,1,train,1,esc50_155858,dataset_multiclass_v4/train/footstep/esc50_f1_footsteps_1-155858-E-25.wav,5.0
esc50_f1_footsteps_1-155858-F-25.wav,footsteps,footstep,1,train,1,esc50_155858,dataset_multiclass_v4/train/footstep/esc50_f1_footsteps_1-155858-F-25.wav,5.0
esc50_f1_water_drops_1-16746-A-15.wav,water_drops,other,0,train,1,esc50_16746,dataset_multiclass_v4/train/other/esc50_f1_water_drops_1-16746-A-15.wav,5.0
esc50_f1_rain_1-17367-A-10.wav,rain,other,0,train,1,esc50_17367,dataset_multiclass_v4/train/other/esc50_f1_rain_1-17367-A-10.wav,5.0
esc50_f1_engine_1-18527-A-44.wav,engine,other,0,train,1,esc50_18527,dataset_multiclass_v4/train/other/esc50_f1_engine_1-18527-A-44.wav,5.0
esc50_f1_engine_1-18527-B-44.wav,engine,other,0,train,1,esc50_18527,dataset_multiclass_v4/train/other/esc50_f1_engine_1-18527-B-44.wav,5.0
esc50_f1_breathing_1-18631-A-23.wav,breathing,other,0,train,1,esc50_18631,dataset_multiclass_v4/train/other/esc50_f1_breathing_1-18631-A-23.wav,5.0
esc50_f1_mouse_click_1-18655-A-31.wav,mouse_click,other,0,train,1,esc50_18655,dataset_multiclass_v4/train/other/esc50_f1_mouse_click_1-18655-A-31.wav,5.0
esc50_f1_crying_baby_1-187207-A-20.wav,crying_baby,other,0,train,1,esc50_187207,dataset_multiclass_v4/train/other/esc50_f1_crying_baby_1-187207-A-20.wav,5.0
esc50_f1_coughing_1-19111-A-24.wav,coughing,other,0,train,1,esc50_19111,dataset_multiclass_v4/train/other/esc50_f1_coughing_1-19111-A-24.wav,5.0
esc50_f1_coughing_1-19118-A-24.wav,coughing,other,0,train,1,esc50_19118,dataset_multiclass_v4/train/other/esc50_f1_coughing_1-19118-A-24.wav,5.0
esc50_f1_vacuum_cleaner_1-19840-A-36.wav,vacuum_cleaner,other,0,train,1,esc50_19840,dataset_multiclass_v4/train/other/esc50_f1_vacuum_cleaner_1-19840-A-36.wav,5.0
esc50_f1_vacuum_cleaner_1-19872-A-36.wav,vacuum_cleaner,other,0,train,1,esc50_19872,dataset_multiclass_v4/train/other/esc50_f1_vacuum_cleaner_1-19872-A-36.wav,5.0
esc50_f1_vacuum_cleaner_1-19872-B-36.wav,vacuum_cleaner,other,0,train,1,esc50_19872,dataset_multiclass_v4/train/other/esc50_f1_vacuum_cleaner_1-19872-B-36.wav,5.0
esc50_f1_glass_breaking_1-20133-A-39.wav,glass_breaking,other,0,train,1,esc50_20133,dataset_multiclass_v4/train/other/esc50_f1_glass_breaking_1-20133-A-39.wav,5.0
esc50_f1_toilet_flush_1-20736-A-18.wav,toilet_flush,other,0,train,1,esc50_20736,dataset_multiclass_v4/train/other/esc50_f1_toilet_flush_1-20736-A-18.wav,5.0
esc50_f1_crying_baby_1-211527-A-20.wav,crying_baby,other,0,train,1,esc50_211527,dataset_multiclass_v4/train/other/esc50_f1_crying_baby_1-211527-A-20.wav,5.0
esc50_f1_crying_baby_1-211527-B-20.wav,crying_baby,other,0,train,1,esc50_211527,dataset_multiclass_v4/train/other/esc50_f1_crying_baby_1-211527-B-20.wav,5.0
esc50_f1_crying_baby_1-211527-C-20.wav,crying_baby,other,0,train,1,esc50_211527,dataset_multiclass_v4/train/other/esc50_f1_crying_baby_1-211527-C-20.wav,5.0
esc50_f1_rain_1-21189-A-10.wav,rain,other,0,train,1,esc50_21189,dataset_multiclass_v4/train/other/esc50_f1_rain_1-21189-A-10.wav,5.0
esc50_f1_clock_tick_1-21934-A-38.wav,clock_tick,other,0,train,1,esc50_21934,dataset_multiclass_v4/train/other/esc50_f1_clock_tick_1-21934-A-38.wav,5.0
esc50_f1_clock_tick_1-21935-A-38.wav,clock_tick,other,0,train,1,esc50_21935,dataset_multiclass_v4/train/other/esc50_f1_clock_tick_1-21935-A-38.wav,5.0
esc50_f1_footsteps_1-223162-A-25.wav,footsteps,footstep,1,train,1,esc50_223162,dataset_multiclass_v4/train/footstep/esc50_f1_footsteps_1-223162-A-25.wav,5.0
esc50_f1_crying_baby_1-22694-A-20.wav,crying_baby,other,0,train,1,esc50_22694,dataset_multiclass_v4/train/other/esc50_f1_crying_baby_1-22694-A-20.wav,5.0
esc50_f1_crying_baby_1-22694-B-20.wav,crying_baby,other,0,train,1,esc50_22694,dataset_multiclass_v4/train/other/esc50_f1_crying_baby_1-22694-B-20.wav,5.0
esc50_f1_engine_1-22882-A-44.wav,engine,other,0,train,1,esc50_22882,dataset_multiclass_v4/train/other/esc50_f1_engine_1-22882-A-44.wav,5.0
esc50_f1_water_drops_1-23094-A-15.wav,water_drops,other,0,train,1,esc50_23094,dataset_multiclass_v4/train/other/esc50_f1_water_drops_1-23094-A-15.wav,5.0
esc50_f1_water_drops_1-23094-B-15.wav,water_drops,other,0,train,1,esc50_23094,dataset_multiclass_v4/train/other/esc50_f1_water_drops_1-23094-B-15.wav,5.0
esc50_f1_door_wood_knock_1-26188-A-30.wav,door_wood_knock,knock,3,train,1,esc50_26188,dataset_multiclass_v4/train/knock/esc50_f1_door_wood_knock_1-26188-A-30.wav,5.0
esc50_f1_rain_1-26222-A-10.wav,rain,other,0,train,1,esc50_26222,dataset_multiclass_v4/train/other/esc50_f1_rain_1-26222-A-10.wav,5.0
esc50_f1_toilet_flush_1-28005-A-18.wav,toilet_flush,other,0,train,1,esc50_28005,dataset_multiclass_v4/train/other/esc50_f1_toilet_flush_1-28005-A-18.wav,5.0
esc50_f1_wind_1-29532-A-16.wav,wind,other,0,train,1,esc50_29532,dataset_multiclass_v4/train/other/esc50_f1_wind_1-29532-A-16.wav,5.0
esc50_f1_rain_1-29561-A-10.wav,rain,other,0,train,1,esc50_29561,dataset_multiclass_v4/train/other/esc50_f1_rain_1-29561-A-10.wav,5.0
esc50_f1_toilet_flush_1-30214-A-18.wav,toilet_flush,other,0,train,1,esc50_30214,dataset_multiclass_v4/train/other/esc50_f1_toilet_flush_1-30214-A-18.wav,5.0
esc50_f1_breathing_1-30709-A-23.wav,breathing,other,0,train,1,esc50_30709,dataset_multiclass_v4/train/other/esc50_f1_breathing_1-30709-A-23.wav,5.0
esc50_f1_breathing_1-30709-B-23.wav,breathing,other,0,train,1,esc50_30709,dataset_multiclass_v4/train/other/esc50_f1_breathing_1-30709-B-23.wav,5.0
esc50_f1_breathing_1-30709-C-23.wav,breathing,other,0,train,1,esc50_30709,dataset_multiclass_v4/train/other/esc50_f1_breathing_1-30709-C-23.wav,5.0
esc50_f1_coughing_1-30830-A-24.wav,coughing,other,0,train,1,esc50_30830,dataset_multiclass_v4/train/other/esc50_f1_coughing_1-30830-A-24.wav,5.0
esc50_f1_chirping_birds_1-34495-A-14.wav,chirping_birds,other,0,train,1,esc50_34495,dataset_multiclass_v4/train/other/esc50_f1_chirping_birds_1-34495-A-14.wav,5.0
esc50_f1_chirping_birds_1-34497-A-14.wav,chirping_birds,other,0,train,1,esc50_34497,dataset_multiclass_v4/train/other/esc50_f1_chirping_birds_1-34497-A-14.wav,5.0
esc50_f1_clock_tick_1-35687-A-38.wav,clock_tick,other,0,train,1,esc50_35687,dataset_multiclass_v4/train/other/esc50_f1_clock_tick_1-35687-A-38.wav,5.0
esc50_f1_breathing_1-36393-A-23.wav,breathing,other,0,train,1,esc50_36393,dataset_multiclass_v4/train/other/esc50_f1_breathing_1-36393-A-23.wav,5.0
esc50_f1_breathing_1-36397-A-23.wav,breathing,other,0,train,1,esc50_36397,dataset_multiclass_v4/train/other/esc50_f1_breathing_1-36397-A-23.wav,5.0
esc50_f1_breathing_1-36400-A-23.wav,breathing,other,0,train,1,esc50_36400,dataset_multiclass_v4/train/other/esc50_f1_breathing_1-36400-A-23.wav,5.0
esc50_f1_breathing_1-36402-A-23.wav,breathing,other,0,train,1,esc50_36402,dataset_multiclass_v4/train/other/esc50_f1_breathing_1-36402-A-23.wav,5.0
esc50_f1_chirping_birds_1-38559-A-14.wav,chirping_birds,other,0,train,1,esc50_38559,dataset_multiclass_v4/train/other/esc50_f1_chirping_birds_1-38559-A-14.wav,5.0
esc50_f1_chirping_birds_1-38560-A-14.wav,chirping_birds,other,0,train,1,esc50_38560,dataset_multiclass_v4/train/other/esc50_f1_chirping_birds_1-38560-A-14.wav,5.0
esc50_f1_can_opening_1-41615-A-34.wav,can_opening,other,0,train,1,esc50_41615,dataset_multiclass_v4/train/other/esc50_f1_can_opening_1-41615-A-34.wav,5.0
esc50_f1_clock_tick_1-42139-A-38.wav,clock_tick,other,0,train,1,esc50_42139,dataset_multiclass_v4/train/other/esc50_f1_clock_tick_1-42139-A-38.wav,5.0
esc50_f1_can_opening_1-43764-A-34.wav,can_opening,other,0,train,1,esc50_43764,dataset_multiclass_v4/train/other/esc50_f1_can_opening_1-43764-A-34.wav,5.0
esc50_f1_mouse_click_1-45645-A-31.wav,mouse_click,other,0,train,1,esc50_45645,dataset_multiclass_v4/train/other/esc50_f1_mouse_click_1-45645-A-31.wav,5.0
esc50_f1_chirping_birds_1-46040-A-14.wav,chirping_birds,other,0,train,1,esc50_46040,dataset_multiclass_v4/train/other/esc50_f1_chirping_birds_1-46040-A-14.wav,5.0
esc50_f1_toilet_flush_1-46274-A-18.wav,toilet_flush,other,0,train,1,esc50_46274,dataset_multiclass_v4/train/other/esc50_f1_toilet_flush_1-46274-A-18.wav,5.0
esc50_f1_vacuum_cleaner_1-46744-A-36.wav,vacuum_cleaner,other,0,train,1,esc50_46744,dataset_multiclass_v4/train/other/esc50_f1_vacuum_cleaner_1-46744-A-36.wav,5.0
esc50_f1_wind_1-47709-A-16.wav,wind,other,0,train,1,esc50_47709,dataset_multiclass_v4/train/other/esc50_f1_wind_1-47709-A-16.wav,5.0
esc50_f1_wind_1-47714-A-16.wav,wind,other,0,train,1,esc50_47714,dataset_multiclass_v4/train/other/esc50_f1_wind_1-47714-A-16.wav,5.0
esc50_f1_clock_tick_1-48413-A-38.wav,clock_tick,other,0,train,1,esc50_48413,dataset_multiclass_v4/train/other/esc50_f1_clock_tick_1-48413-A-38.wav,5.0
esc50_f1_rain_1-50060-A-10.wav,rain,other,0,train,1,esc50_50060,dataset_multiclass_v4/train/other/esc50_f1_rain_1-50060-A-10.wav,5.0
esc50_f1_engine_1-50454-A-44.wav,engine,other,0,train,1,esc50_50454,dataset_multiclass_v4/train/other/esc50_f1_engine_1-50454-A-44.wav,5.0
esc50_f1_engine_1-50455-A-44.wav,engine,other,0,train,1,esc50_50455,dataset_multiclass_v4/train/other/esc50_f1_engine_1-50455-A-44.wav,5.0
esc50_f1_water_drops_1-50623-A-15.wav,water_drops,other,0,train,1,esc50_50623,dataset_multiclass_v4/train/other/esc50_f1_water_drops_1-50623-A-15.wav,5.0
esc50_f1_engine_1-50661-A-44.wav,engine,other,0,train,1,esc50_50661,dataset_multiclass_v4/train/other/esc50_f1_engine_1-50661-A-44.wav,5.0
esc50_f1_wind_1-51035-A-16.wav,wind,other,0,train,1,esc50_51035,dataset_multiclass_v4/train/other/esc50_f1_wind_1-51035-A-16.wav,5.0
esc50_f1_wind_1-51036-A-16.wav,wind,other,0,train,1,esc50_51036,dataset_multiclass_v4/train/other/esc50_f1_wind_1-51036-A-16.wav,5.0
esc50_f1_wind_1-51037-A-16.wav,wind,other,0,train,1,esc50_51037,dataset_multiclass_v4/train/other/esc50_f1_wind_1-51037-A-16.wav,5.0
esc50_f1_footsteps_1-51147-A-25.wav,footsteps,footstep,1,train,1,esc50_51147,dataset_multiclass_v4/train/footstep/esc50_f1_footsteps_1-51147-A-25.wav,5.0
esc50_f1_toilet_flush_1-51170-A-18.wav,toilet_flush,other,0,train,1,esc50_51170,dataset_multiclass_v4/train/other/esc50_f1_toilet_flush_1-51170-A-18.wav,5.0
esc50_f1_door_wood_creaks_1-51805-A-33.wav,door_wood_creaks,other,0,train,1,esc50_51805,dataset_multiclass_v4/train/other/esc50_f1_door_wood_creaks_1-51805-A-33.wav,5.0
esc50_f1_door_wood_creaks_1-51805-B-33.wav,door_wood_creaks,other,0,train,1,esc50_51805,dataset_multiclass_v4/train/other/esc50_f1_door_wood_creaks_1-51805-B-33.wav,5.0
esc50_f1_door_wood_creaks_1-51805-C-33.wav,door_wood_creaks,other,0,train,1,esc50_51805,dataset_multiclass_v4/train/other/esc50_f1_door_wood_creaks_1-51805-C-33.wav,5.0
esc50_f1_door_wood_creaks_1-51805-D-33.wav,door_wood_creaks,other,0,train,1,esc50_51805,dataset_multiclass_v4/train/other/esc50_f1_door_wood_creaks_1-51805-D-33.wav,5.0
esc50_f1_door_wood_creaks_1-51805-E-33.wav,door_wood_creaks,other,0,train,1,esc50_51805,dataset_multiclass_v4/train/other/esc50_f1_door_wood_creaks_1-51805-E-33.wav,5.0
esc50_f1_door_wood_creaks_1-51805-F-33.wav,door_wood_creaks,other,0,train,1,esc50_51805,dataset_multiclass_v4/train/other/esc50_f1_door_wood_creaks_1-51805-F-33.wav,5.0
esc50_f1_door_wood_creaks_1-51805-G-33.wav,door_wood_creaks,other,0,train,1,esc50_51805,dataset_multiclass_v4/train/other/esc50_f1_door_wood_creaks_1-51805-G-33.wav,5.0
esc50_f1_door_wood_creaks_1-51805-H-33.wav,door_wood_creaks,other,0,train,1,esc50_51805,dataset_multiclass_v4/train/other/esc50_f1_door_wood_creaks_1-51805-H-33.wav,5.0
esc50_f1_coughing_1-52266-A-24.wav,coughing,other,0,train,1,esc50_52266,dataset_multiclass_v4/train/other/esc50_f1_coughing_1-52266-A-24.wav,5.0
esc50_f1_door_wood_knock_1-52290-A-30.wav,door_wood_knock,knock,3,train,1,esc50_52290,dataset_multiclass_v4/train/knock/esc50_f1_door_wood_knock_1-52290-A-30.wav,5.0
esc50_f1_coughing_1-52323-A-24.wav,coughing,other,0,train,1,esc50_52323,dataset_multiclass_v4/train/other/esc50_f1_coughing_1-52323-A-24.wav,5.0
esc50_f1_keyboard_typing_1-53501-A-32.wav,keyboard_typing,other,0,train,1,esc50_53501,dataset_multiclass_v4/train/other/esc50_f1_keyboard_typing_1-53501-A-32.wav,5.0
esc50_f1_coughing_1-53663-A-24.wav,coughing,other,0,train,1,esc50_53663,dataset_multiclass_v4/train/other/esc50_f1_coughing_1-53663-A-24.wav,5.0
esc50_f1_toilet_flush_1-53670-A-18.wav,toilet_flush,other,0,train,1,esc50_53670,dataset_multiclass_v4/train/other/esc50_f1_toilet_flush_1-53670-A-18.wav,5.0
esc50_f1_train_1-54065-A-45.wav,train,other,0,train,1,esc50_54065,dataset_multiclass_v4/train/other/esc50_f1_train_1-54065-A-45.wav,5.0
esc50_f1_train_1-54065-B-45.wav,train,other,0,train,1,esc50_54065,dataset_multiclass_v4/train/other/esc50_f1_train_1-54065-B-45.wav,5.0
esc50_f1_toilet_flush_1-54752-A-18.wav,toilet_flush,other,0,train,1,esc50_54752,dataset_multiclass_v4/train/other/esc50_f1_toilet_flush_1-54752-A-18.wav,5.0
esc50_f1_chirping_birds_1-54918-A-14.wav,chirping_birds,other,0,train,1,esc50_54918,dataset_multiclass_v4/train/other/esc50_f1_chirping_birds_1-54918-A-14.wav,5.0
esc50_f1_chirping_birds_1-54918-B-14.wav,chirping_birds,other,0,train,1,esc50_54918,dataset_multiclass_v4/train/other/esc50_f1_chirping_birds_1-54918-B-14.wav,5.0
esc50_f1_rain_1-54958-A-10.wav,rain,other,0,train,1,esc50_54958,dataset_multiclass_v4/train/other/esc50_f1_rain_1-54958-A-10.wav,5.0
esc50_f1_toilet_flush_1-56269-A-18.wav,toilet_flush,other,0,train,1,esc50_56269,dataset_multiclass_v4/train/other/esc50_f1_toilet_flush_1-56269-A-18.wav,5.0
esc50_f1_rain_1-56311-A-10.wav,rain,other,0,train,1,esc50_56311,dataset_multiclass_v4/train/other/esc50_f1_rain_1-56311-A-10.wav,5.0
esc50_f1_clock_tick_1-57163-A-38.wav,clock_tick,other,0,train,1,esc50_57163,dataset_multiclass_v4/train/other/esc50_f1_clock_tick_1-57163-A-38.wav,5.0
esc50_f1_coughing_1-58792-A-24.wav,coughing,other,0,train,1,esc50_58792,dataset_multiclass_v4/train/other/esc50_f1_coughing_1-58792-A-24.wav,5.0
esc50_f1_can_opening_1-58846-A-34.wav,can_opening,other,0,train,1,esc50_58846,dataset_multiclass_v4/train/other/esc50_f1_can_opening_1-58846-A-34.wav,5.0
esc50_f1_vacuum_cleaner_1-60460-A-36.wav,vacuum_cleaner,other,0,train,1,esc50_60460,dataset_multiclass_v4/train/other/esc50_f1_vacuum_cleaner_1-60460-A-36.wav,5.0
esc50_f1_can_opening_1-60676-A-34.wav,can_opening,other,0,train,1,esc50_60676,dataset_multiclass_v4/train/other/esc50_f1_can_opening_1-60676-A-34.wav,5.0
esc50_f1_crying_baby_1-60997-A-20.wav,crying_baby,other,0,train,1,esc50_60997,dataset_multiclass_v4/train/other/esc50_f1_crying_baby_1-60997-A-20.wav,5.0
esc50_f1_crying_baby_1-60997-B-20.wav,crying_baby,other,0,train,1,esc50_60997,dataset_multiclass_v4/train/other/esc50_f1_crying_baby_1-60997-B-20.wav,5.0
esc50_f1_keyboard_typing_1-61212-A-32.wav,keyboard_typing,other,0,train,1,esc50_61212,dataset_multiclass_v4/train/other/esc50_f1_keyboard_typing_1-61212-A-32.wav,5.0
esc50_f1_engine_1-61261-A-44.wav,engine,other,0,train,1,esc50_61261,dataset_multiclass_v4/train/other/esc50_f1_engine_1-61261-A-44.wav,5.0
esc50_f1_train_1-62509-A-45.wav,train,other,0,train,1,esc50_62509,dataset_multiclass_v4/train/other/esc50_f1_train_1-62509-A-45.wav,5.0
esc50_f1_engine_1-62565-A-44.wav,engine,other,0,train,1,esc50_62565,dataset_multiclass_v4/train/other/esc50_f1_engine_1-62565-A-44.wav,5.0
esc50_f1_keyboard_typing_1-62594-A-32.wav,keyboard_typing,other,0,train,1,esc50_62594,dataset_multiclass_v4/train/other/esc50_f1_keyboard_typing_1-62594-A-32.wav,5.0
esc50_f1_clock_tick_1-62849-A-38.wav,clock_tick,other,0,train,1,esc50_62849,dataset_multiclass_v4/train/other/esc50_f1_clock_tick_1-62849-A-38.wav,5.0
esc50_f1_clock_tick_1-62850-A-38.wav,clock_tick,other,0,train,1,esc50_62850,dataset_multiclass_v4/train/other/esc50_f1_clock_tick_1-62850-A-38.wav,5.0
esc50_f1_coughing_1-63679-A-24.wav,coughing,other,0,train,1,esc50_63679,dataset_multiclass_v4/train/other/esc50_f1_coughing_1-63679-A-24.wav,5.0
esc50_f1_rain_1-63871-A-10.wav,rain,other,0,train,1,esc50_63871,dataset_multiclass_v4/train/other/esc50_f1_rain_1-63871-A-10.wav,5.0
esc50_f1_train_1-64473-A-45.wav,train,other,0,train,1,esc50_64473,dataset_multiclass_v4/train/other/esc50_f1_train_1-64473-A-45.wav,5.0
esc50_f1_can_opening_1-68670-A-34.wav,can_opening,other,0,train,1,esc50_68670,dataset_multiclass_v4/train/other/esc50_f1_can_opening_1-68670-A-34.wav,5.0
esc50_f1_can_opening_1-68734-A-34.wav,can_opening,other,0,train,1,esc50_68734,dataset_multiclass_v4/train/other/esc50_f1_can_opening_1-68734-A-34.wav,5.0
esc50_f1_can_opening_1-69165-A-34.wav,can_opening,other,0,train,1,esc50_69165,dataset_multiclass_v4/train/other/esc50_f1_can_opening_1-69165-A-34.wav,5.0
esc50_f1_wind_1-69760-A-16.wav,wind,other,0,train,1,esc50_69760,dataset_multiclass_v4/train/other/esc50_f1_wind_1-69760-A-16.wav,5.0
esc50_f1_train_1-70300-A-45.wav,train,other,0,train,1,esc50_70300,dataset_multiclass_v4/train/other/esc50_f1_train_1-70300-A-45.wav,5.0
esc50_f1_vacuum_cleaner_1-79236-A-36.wav,vacuum_cleaner,other,0,train,1,esc50_79236,dataset_multiclass_v4/train/other/esc50_f1_vacuum_cleaner_1-79236-A-36.wav,5.0
esc50_f1_keyboard_typing_1-79711-A-32.wav,keyboard_typing,other,0,train,1,esc50_79711,dataset_multiclass_v4/train/other/esc50_f1_keyboard_typing_1-79711-A-32.wav,5.0
esc50_f1_door_wood_knock_1-81001-A-30.wav,door_wood_knock,knock,3,train,1,esc50_81001,dataset_multiclass_v4/train/knock/esc50_f1_door_wood_knock_1-81001-A-30.wav,5.0
esc50_f1_door_wood_knock_1-81001-B-30.wav,door_wood_knock,knock,3,train,1,esc50_81001,dataset_multiclass_v4/train/knock/esc50_f1_door_wood_knock_1-81001-B-30.wav,5.0
esc50_f1_mouse_click_1-81851-A-31.wav,mouse_click,other,0,train,1,esc50_81851,dataset_multiclass_v4/train/other/esc50_f1_mouse_click_1-81851-A-31.wav,5.0
esc50_f1_door_wood_knock_1-82817-A-30.wav,door_wood_knock,knock,3,train,1,esc50_82817,dataset_multiclass_v4/train/knock/esc50_f1_door_wood_knock_1-82817-A-30.wav,5.0
esc50_f1_keyboard_typing_1-84393-A-32.wav,keyboard_typing,other,0,train,1,esc50_84393,dataset_multiclass_v4/train/other/esc50_f1_keyboard_typing_1-84393-A-32.wav,5.0
esc50_f1_glass_breaking_1-84536-A-39.wav,glass_breaking,other,0,train,1,esc50_84536,dataset_multiclass_v4/train/other/esc50_f1_glass_breaking_1-84536-A-39.wav,5.0
esc50_f1_glass_breaking_1-84704-A-39.wav,glass_breaking,other,0,train,1,esc50_84704,dataset_multiclass_v4/train/other/esc50_f1_glass_breaking_1-84704-A-39.wav,5.0
esc50_f1_glass_breaking_1-84705-A-39.wav,glass_breaking,other,0,train,1,esc50_84705,dataset_multiclass_v4/train/other/esc50_f1_glass_breaking_1-84705-A-39.wav,5.0
esc50_f1_mouse_click_1-85123-A-31.wav,mouse_click,other,0,train,1,esc50_85123,dataset_multiclass_v4/train/other/esc50_f1_mouse_click_1-85123-A-31.wav,5.0
esc50_f1_glass_breaking_1-85168-A-39.wav,glass_breaking,other,0,train,1,esc50_85168,dataset_multiclass_v4/train/other/esc50_f1_glass_breaking_1-85168-A-39.wav,5.0
esc50_f1_glass_breaking_1-85184-A-39.wav,glass_breaking,other,0,train,1,esc50_85184,dataset_multiclass_v4/train/other/esc50_f1_glass_breaking_1-85184-A-39.wav,5.0
esc50_f1_train_1-88409-A-45.wav,train,other,0,train,1,esc50_88409,dataset_multiclass_v4/train/other/esc50_f1_train_1-88409-A-45.wav,5.0
esc50_f1_train_1-88409-B-45.wav,train,other,0,train,1,esc50_88409,dataset_multiclass_v4/train/other/esc50_f1_train_1-88409-B-45.wav,5.0
esc50_f1_glass_breaking_1-88807-A-39.wav,glass_breaking,other,0,train,1,esc50_88807,dataset_multiclass_v4/train/other/esc50_f1_glass_breaking_1-88807-A-39.wav,5.0
esc50_f1_water_drops_1-90797-A-15.wav,water_drops,other,0,train,1,esc50_90797,dataset_multiclass_v4/train/other/esc50_f1_water_drops_1-90797-A-15.wav,5.0
esc50_f1_clapping_1-94036-A-22.wav,clapping,clap,2,train,1,esc50_94036,dataset_multiclass_v4/train/clap/esc50_f1_clapping_1-94036-A-22.wav,5.0
esc50_f1_keyboard_typing_1-94231-A-32.wav,keyboard_typing,other,0,train,1,esc50_94231,dataset_multiclass_v4/train/other/esc50_f1_keyboard_typing_1-94231-A-32.wav,5.0
esc50_f1_keyboard_typing_1-94231-B-32.wav,keyboard_typing,other,0,train,1,esc50_94231,dataset_multiclass_v4/train/other/esc50_f1_keyboard_typing_1-94231-B-32.wav,5.0
esc50_f1_mouse_click_1-95563-A-31.wav,mouse_click,other,0,train,1,esc50_95563,dataset_multiclass_v4/train/other/esc50_f1_mouse_click_1-95563-A-31.wav,5.0
esc50_f1_glass_breaking_1-977-A-39.wav,glass_breaking,other,0,train,1,esc50_977,dataset_multiclass_v4/train/other/esc50_f1_glass_breaking_1-977-A-39.wav,5.0
esc50_f1_mouse_click_1-97793-A-31.wav,mouse_click,other,0,train,1,esc50_97793,dataset_multiclass_v4/train/other/esc50_f1_mouse_click_1-97793-A-31.wav,5.0
esc50_f1_mouse_click_1-99958-A-31.wav,mouse_click,other,0,train,1,esc50_99958,dataset_multiclass_v4/train/other/esc50_f1_mouse_click_1-99958-A-31.wav,5.0
esc50_f2_rain_2-101676-A-10.wav,rain,other,0,train,2,esc50_101676,dataset_multiclass_v4/train/other/esc50_f2_rain_2-101676-A-10.wav,5.0
esc50_f2_keyboard_typing_2-104168-A-32.wav,keyboard_typing,other,0,train,2,esc50_104168,dataset_multiclass_v4/train/other/esc50_f2_keyboard_typing_2-104168-A-32.wav,5.0
esc50_f2_wind_2-104952-A-16.wav,wind,other,0,train,2,esc50_104952,dataset_multiclass_v4/train/other/esc50_f2_wind_2-104952-A-16.wav,5.0
esc50_f2_wind_2-104952-B-16.wav,wind,other,0,train,2,esc50_104952,dataset_multiclass_v4/train/other/esc50_f2_wind_2-104952-B-16.wav,5.0
esc50_f2_engine_2-106014-A-44.wav,engine,other,0,train,2,esc50_106014,dataset_multiclass_v4/train/other/esc50_f2_engine_2-106014-A-44.wav,5.0
esc50_f2_engine_2-106015-A-44.wav,engine,other,0,train,2,esc50_106015,dataset_multiclass_v4/train/other/esc50_f2_engine_2-106015-A-44.wav,5.0
esc50_f2_engine_2-106015-B-44.wav,engine,other,0,train,2,esc50_106015,dataset_multiclass_v4/train/other/esc50_f2_engine_2-106015-B-44.wav,5.0
esc50_f2_vacuum_cleaner_2-106072-A-36.wav,vacuum_cleaner,other,0,train,2,esc50_106072,dataset_multiclass_v4/train/other/esc50_f2_vacuum_cleaner_2-106072-A-36.wav,5.0
esc50_f2_vacuum_cleaner_2-106073-A-36.wav,vacuum_cleaner,other,0,train,2,esc50_106073,dataset_multiclass_v4/train/other/esc50_f2_vacuum_cleaner_2-106073-A-36.wav,5.0
esc50_f2_engine_2-106486-A-44.wav,engine,other,0,train,2,esc50_106486,dataset_multiclass_v4/train/other/esc50_f2_engine_2-106486-A-44.wav,5.0
esc50_f2_engine_2-106487-A-44.wav,engine,other,0,train,2,esc50_106487,dataset_multiclass_v4/train/other/esc50_f2_engine_2-106487-A-44.wav,5.0
esc50_f2_glass_breaking_2-106881-A-39.wav,glass_breaking,other,0,train,2,esc50_106881,dataset_multiclass_v4/train/other/esc50_f2_glass_breaking_2-106881-A-39.wav,5.0
esc50_f2_engine_2-107228-A-44.wav,engine,other,0,train,2,esc50_107228,dataset_multiclass_v4/train/other/esc50_f2_engine_2-107228-A-44.wav,5.0
esc50_f2_engine_2-107228-B-44.wav,engine,other,0,train,2,esc50_107228,dataset_multiclass_v4/train/other/esc50_f2_engine_2-107228-B-44.wav,5.0
esc50_f2_crying_baby_2-107351-A-20.wav,crying_baby,other,0,train,2,esc50_107351,dataset_multiclass_v4/train/other/esc50_f2_crying_baby_2-107351-A-20.wav,5.0
esc50_f2_crying_baby_2-107351-B-20.wav,crying_baby,other,0,train,2,esc50_107351,dataset_multiclass_v4/train/other/esc50_f2_crying_baby_2-107351-B-20.wav,5.0
esc50_f2_coughing_2-108017-A-24.wav,coughing,other,0,train,2,esc50_108017,dataset_multiclass_v4/train/other/esc50_f2_coughing_2-108017-A-24.wav,5.0
esc50_f2_chirping_birds_2-108760-A-14.wav,chirping_birds,other,0,train,2,esc50_108760,dataset_multiclass_v4/train/other/esc50_f2_chirping_birds_2-108760-A-14.wav,5.0
esc50_f2_chirping_birds_2-108760-B-14.wav,chirping_birds,other,0,train,2,esc50_108760,dataset_multiclass_v4/train/other/esc50_f2_chirping_birds_2-108760-B-14.wav,5.0
esc50_f2_chirping_birds_2-108761-A-14.wav,chirping_birds,other,0,train,2,esc50_108761,dataset_multiclass_v4/train/other/esc50_f2_chirping_birds_2-108761-A-14.wav,5.0
esc50_f2_keyboard_typing_2-109316-A-32.wav,keyboard_typing,other,0,train,2,esc50_109316,dataset_multiclass_v4/train/other/esc50_f2_keyboard_typing_2-109316-A-32.wav,5.0
esc50_f2_wind_2-109371-A-16.wav,wind,other,0,train,2,esc50_109371,dataset_multiclass_v4/train/other/esc50_f2_wind_2-109371-A-16.wav,5.0
esc50_f2_wind_2-109371-B-16.wav,wind,other,0,train,2,esc50_109371,dataset_multiclass_v4/train/other/esc50_f2_wind_2-109371-B-16.wav,5.0
esc50_f2_wind_2-109371-C-16.wav,wind,other,0,train,2,esc50_109371,dataset_multiclass_v4/train/other/esc50_f2_wind_2-109371-C-16.wav,5.0
esc50_f2_wind_2-109371-D-16.wav,wind,other,0,train,2,esc50_109371,dataset_multiclass_v4/train/other/esc50_f2_wind_2-109371-D-16.wav,5.0
esc50_f2_wind_2-109374-A-16.wav,wind,other,0,train,2,esc50_109374,dataset_multiclass_v4/train/other/esc50_f2_wind_2-109374-A-16.wav,5.0
esc50_f2_glass_breaking_2-112213-A-39.wav,glass_breaking,other,0,train,2,esc50_112213,dataset_multiclass_v4/train/other/esc50_f2_glass_breaking_2-112213-A-39.wav,5.0
esc50_f2_glass_breaking_2-112213-B-39.wav,glass_breaking,other,0,train,2,esc50_112213,dataset_multiclass_v4/train/other/esc50_f2_glass_breaking_2-112213-B-39.wav,5.0
esc50_f2_door_wood_knock_2-114254-A-30.wav,door_wood_knock,knock,3,train,2,esc50_114254,dataset_multiclass_v4/train/knock/esc50_f2_door_wood_knock_2-114254-A-30.wav,5.0
esc50_f2_rain_2-117625-A-10.wav,rain,other,0,train,2,esc50_117625,dataset_multiclass_v4/train/other/esc50_f2_rain_2-117625-A-10.wav,5.0
esc50_f2_keyboard_typing_2-118459-A-32.wav,keyboard_typing,other,0,train,2,esc50_118459,dataset_multiclass_v4/train/other/esc50_f2_keyboard_typing_2-118459-A-32.wav,5.0
esc50_f2_keyboard_typing_2-118459-B-32.wav,keyboard_typing,other,0,train,2,esc50_118459,dataset_multiclass_v4/train/other/esc50_f2_keyboard_typing_2-118459-B-32.wav,5.0
esc50_f2_door_wood_knock_2-118624-A-30.wav,door_wood_knock,knock,3,train,2,esc50_118624,dataset_multiclass_v4/train/knock/esc50_f2_door_wood_knock_2-118624-A-30.wav,5.0
esc50_f2_door_wood_knock_2-118625-A-30.wav,door_wood_knock,knock,3,train,2,esc50_118625,dataset_multiclass_v4/train/knock/esc50_f2_door_wood_knock_2-118625-A-30.wav,5.0
esc50_f2_keyboard_typing_2-118817-A-32.wav,keyboard_typing,other,0,train,2,esc50_118817,dataset_multiclass_v4/train/other/esc50_f2_keyboard_typing_2-118817-A-32.wav,5.0
esc50_f2_mouse_click_2-119139-A-31.wav,mouse_click,other,0,train,2,esc50_119139,dataset_multiclass_v4/train/other/esc50_f2_mouse_click_2-119139-A-31.wav,5.0
esc50_f2_clock_tick_2-119748-A-38.wav,clock_tick,other,0,train,2,esc50_119748,dataset_multiclass_v4/train/other/esc50_f2_clock_tick_2-119748-A-38.wav,5.0
esc50_f2_door_wood_knock_2-120218-A-30.wav,door_wood_knock,knock,3,train,2,esc50_120218,dataset_multiclass_v4/train/knock/esc50_f2_door_wood_knock_2-120218-A-30.wav,5.0
esc50_f2_door_wood_knock_2-120218-B-30.wav,door_wood_knock,knock,3,train,2,esc50_120218,dataset_multiclass_v4/train/knock/esc50_f2_door_wood_knock_2-120218-B-30.wav,5.0
esc50_f2_keyboard_typing_2-120333-A-32.wav,keyboard_typing,other,0,train,2,esc50_120333,dataset_multiclass_v4/train/other/esc50_f2_keyboard_typing_2-120333-A-32.wav,5.0
esc50_f2_train_2-122066-A-45.wav,train,other,0,train,2,esc50_122066,dataset_multiclass_v4/train/other/esc50_f2_train_2-122066-A-45.wav,5.0
esc50_f2_train_2-122066-B-45.wav,train,other,0,train,2,esc50_122066,dataset_multiclass_v4/train/other/esc50_f2_train_2-122066-B-45.wav,5.0
esc50_f2_train_2-122067-A-45.wav,train,other,0,train,2,esc50_122067,dataset_multiclass_v4/train/other/esc50_f2_train_2-122067-A-45.wav,5.0
esc50_f2_train_2-122067-B-45.wav,train,other,0,train,2,esc50_122067,dataset_multiclass_v4/train/other/esc50_f2_train_2-122067-B-45.wav,5.0
esc50_f2_chirping_birds_2-122616-A-14.wav,chirping_birds,other,0,train,2,esc50_122616,dataset_multiclass_v4/train/other/esc50_f2_chirping_birds_2-122616-A-14.wav,5.0
esc50_f2_vacuum_cleaner_2-122820-A-36.wav,vacuum_cleaner,other,0,train,2,esc50_122820,dataset_multiclass_v4/train/other/esc50_f2_vacuum_cleaner_2-122820-A-36.wav,5.0
esc50_f2_vacuum_cleaner_2-122820-B-36.wav,vacuum_cleaner,other,0,train,2,esc50_122820,dataset_multiclass_v4/train/other/esc50_f2_vacuum_cleaner_2-122820-B-36.wav,5.0
esc50_f2_door_wood_creaks_2-123712-A-33.wav,door_wood_creaks,other,0,train,2,esc50_123712,dataset_multiclass_v4/train/other/esc50_f2_door_wood_creaks_2-123712-A-33.wav,5.0
esc50_f2_coughing_2-123896-A-24.wav,coughing,other,0,train,2,esc50_123896,dataset_multiclass_v4/train/other/esc50_f2_coughing_2-123896-A-24.wav,5.0
esc50_f2_water_drops_2-124564-A-15.wav,water_drops,other,0,train,2,esc50_124564,dataset_multiclass_v4/train/other/esc50_f2_water_drops_2-124564-A-15.wav,5.0
esc50_f2_clock_tick_2-127108-A-38.wav,clock_tick,other,0,train,2,esc50_127108,dataset_multiclass_v4/train/other/esc50_f2_clock_tick_2-127108-A-38.wav,5.0
esc50_f2_can_opening_2-130245-A-34.wav,can_opening,other,0,train,2,esc50_130245,dataset_multiclass_v4/train/other/esc50_f2_can_opening_2-130245-A-34.wav,5.0
esc50_f2_clock_tick_2-131943-A-38.wav,clock_tick,other,0,train,2,esc50_131943,dataset_multiclass_v4/train/other/esc50_f2_clock_tick_2-131943-A-38.wav,5.0
esc50_f2_door_wood_knock_2-133889-A-30.wav,door_wood_knock,knock,3,train,2,esc50_133889,dataset_multiclass_v4/train/knock/esc50_f2_door_wood_knock_2-133889-A-30.wav,5.0
esc50_f2_clock_tick_2-134700-A-38.wav,clock_tick,other,0,train,2,esc50_134700,dataset_multiclass_v4/train/other/esc50_f2_clock_tick_2-134700-A-38.wav,5.0
esc50_f2_door_wood_knock_2-134915-A-30.wav,door_wood_knock,knock,3,train,2,esc50_134915,dataset_multiclass_v4/train/knock/esc50_f2_door_wood_knock_2-134915-A-30.wav,5.0
esc50_f2_train_2-135649-A-45.wav,train,other,0,train,2,esc50_135649,dataset_multiclass_v4/train/other/esc50_f2_train_2-135649-A-45.wav,5.0
esc50_f2_train_2-135649-B-45.wav,train,other,0,train,2,esc50_135649,dataset_multiclass_v4/train/other/esc50_f2_train_2-135649-B-45.wav,5.0
esc50_f2_train_2-135649-C-45.wav,train,other,0,train,2,esc50_135649,dataset_multiclass_v4/train/other/esc50_f2_train_2-135649-C-45.wav,5.0
esc50_f2_clock_tick_2-135728-A-38.wav,clock_tick,other,0,train,2,esc50_135728,dataset_multiclass_v4/train/other/esc50_f2_clock_tick_2-135728-A-38.wav,5.0
esc50_f2_mouse_click_2-138257-A-31.wav,mouse_click,other,0,train,2,esc50_138257,dataset_multiclass_v4/train/other/esc50_f2_mouse_click_2-138257-A-31.wav,5.0
esc50_f2_water_drops_2-139748-A-15.wav,water_drops,other,0,train,2,esc50_139748,dataset_multiclass_v4/train/other/esc50_f2_water_drops_2-139748-A-15.wav,5.0
esc50_f2_water_drops_2-139748-B-15.wav,water_drops,other,0,train,2,esc50_139748,dataset_multiclass_v4/train/other/esc50_f2_water_drops_2-139748-B-15.wav,5.0
esc50_f2_water_drops_2-139749-A-15.wav,water_drops,other,0,train,2,esc50_139749,dataset_multiclass_v4/train/other/esc50_f2_water_drops_2-139749-A-15.wav,5.0
esc50_f2_clock_tick_2-140147-A-38.wav,clock_tick,other,0,train,2,esc50_140147,dataset_multiclass_v4/train/other/esc50_f2_clock_tick_2-140147-A-38.wav,5.0
esc50_f2_door_wood_knock_2-140841-A-30.wav,door_wood_knock,knock,3,train,2,esc50_140841,dataset_multiclass_v4/train/knock/esc50_f2_door_wood_knock_2-140841-A-30.wav,5.0
esc50_f2_glass_breaking_2-141563-A-39.wav,glass_breaking,other,0,train,2,esc50_141563,dataset_multiclass_v4/train/other/esc50_f2_glass_breaking_2-141563-A-39.wav,5.0
esc50_f2_clock_tick_2-141584-A-38.wav,clock_tick,other,0,train,2,esc50_141584,dataset_multiclass_v4/train/other/esc50_f2_clock_tick_2-141584-A-38.wav,5.0
esc50_f2_vacuum_cleaner_2-141681-A-36.wav,vacuum_cleaner,other,0,train,2,esc50_141681,dataset_multiclass_v4/train/other/esc50_f2_vacuum_cleaner_2-141681-A-36.wav,5.0
esc50_f2_vacuum_cleaner_2-141681-B-36.wav,vacuum_cleaner,other,0,train,2,esc50_141681,dataset_multiclass_v4/train/other/esc50_f2_vacuum_cleaner_2-141681-B-36.wav,5.0
esc50_f2_vacuum_cleaner_2-141682-A-36.wav,vacuum_cleaner,other,0,train,2,esc50_141682,dataset_multiclass_v4/train/other/esc50_f2_vacuum_cleaner_2-141682-A-36.wav,5.0
esc50_f2_vacuum_cleaner_2-141682-B-36.wav,vacuum_cleaner,other,0,train,2,esc50_141682,dataset_multiclass_v4/train/other/esc50_f2_vacuum_cleaner_2-141682-B-36.wav,5.0
esc50_f2_can_opening_2-144031-A-34.wav,can_opening,other,0,train,2,esc50_144031,dataset_multiclass_v4/train/other/esc50_f2_can_opening_2-144031-A-34.wav,5.0
esc50_f2_mouse_click_2-146877-A-31.wav,mouse_click,other,0,train,2,esc50_146877,dataset_multiclass_v4/train/other/esc50_f2_mouse_click_2-146877-A-31.wav,5.0
esc50_f2_mouse_click_2-146877-B-31.wav,mouse_click,other,0,train,2,esc50_146877,dataset_multiclass_v4/train/other/esc50_f2_mouse_click_2-146877-B-31.wav,5.0
esc50_f2_crying_baby_2-151079-A-20.wav,crying_baby,other,0,train,2,esc50_151079,dataset_multiclass_v4/train/other/esc50_f2_crying_baby_2-151079-A-20.wav,5.0
esc50_f2_mouse_click_2-152895-A-31.wav,mouse_click,other,0,train,2,esc50_152895,dataset_multiclass_v4/train/other/esc50_f2_mouse_click_2-152895-A-31.wav,5.0
esc50_f2_mouse_click_2-152964-A-31.wav,mouse_click,other,0,train,2,esc50_152964,dataset_multiclass_v4/train/other/esc50_f2_mouse_click_2-152964-A-31.wav,5.0
esc50_f2_mouse_click_2-153388-A-31.wav,mouse_click,other,0,train,2,esc50_153388,dataset_multiclass_v4/train/other/esc50_f2_mouse_click_2-153388-A-31.wav,5.0
esc50_f2_mouse_click_2-154688-A-31.wav,mouse_click,other,0,train,2,esc50_154688,dataset_multiclass_v4/train/other/esc50_f2_mouse_click_2-154688-A-31.wav,5.0
esc50_f2_glass_breaking_2-173559-A-39.wav,glass_breaking,other,0,train,2,esc50_173559,dataset_multiclass_v4/train/other/esc50_f2_glass_breaking_2-173559-A-39.wav,5.0
esc50_f2_glass_breaking_2-173607-A-39.wav,glass_breaking,other,0,train,2,esc50_173607,dataset_multiclass_v4/train/other/esc50_f2_glass_breaking_2-173607-A-39.wav,5.0
esc50_f2_glass_breaking_2-173618-A-39.wav,glass_breaking,other,0,train,2,esc50_173618,dataset_multiclass_v4/train/other/esc50_f2_glass_breaking_2-173618-A-39.wav,5.0
esc50_f2_wind_2-205966-A-16.wav,wind,other,0,train,2,esc50_205966,dataset_multiclass_v4/train/other/esc50_f2_wind_2-205966-A-16.wav,5.0
esc50_f2_footsteps_2-209471-A-25.wav,footsteps,footstep,1,train,2,esc50_209471,dataset_multiclass_v4/train/footstep/esc50_f2_footsteps_2-209471-A-25.wav,5.0
esc50_f2_footsteps_2-209472-A-25.wav,footsteps,footstep,1,train,2,esc50_209472,dataset_multiclass_v4/train/footstep/esc50_f2_footsteps_2-209472-A-25.wav,5.0
esc50_f2_footsteps_2-209473-A-25.wav,footsteps,footstep,1,train,2,esc50_209473,dataset_multiclass_v4/train/footstep/esc50_f2_footsteps_2-209473-A-25.wav,5.0
esc50_f2_footsteps_2-209474-A-25.wav,footsteps,footstep,1,train,2,esc50_209474,dataset_multiclass_v4/train/footstep/esc50_f2_footsteps_2-209474-A-25.wav,5.0
esc50_f2_footsteps_2-209475-A-25.wav,footsteps,footstep,1,train,2,esc50_209475,dataset_multiclass_v4/train/footstep/esc50_f2_footsteps_2-209475-A-25.wav,5.0
esc50_f2_footsteps_2-209476-A-25.wav,footsteps,footstep,1,train,2,esc50_209476,dataset_multiclass_v4/train/footstep/esc50_f2_footsteps_2-209476-A-25.wav,5.0
esc50_f2_footsteps_2-209477-A-25.wav,footsteps,footstep,1,train,2,esc50_209477,dataset_multiclass_v4/train/footstep/esc50_f2_footsteps_2-209477-A-25.wav,5.0
esc50_f2_footsteps_2-209478-A-25.wav,footsteps,footstep,1,train,2,esc50_209478,dataset_multiclass_v4/train/footstep/esc50_f2_footsteps_2-209478-A-25.wav,5.0
esc50_f2_glass_breaking_2-250710-A-39.wav,glass_breaking,other,0,train,2,esc50_250710,dataset_multiclass_v4/train/other/esc50_f2_glass_breaking_2-250710-A-39.wav,5.0
esc50_f2_clapping_2-25292-A-22.wav,clapping,clap,2,train,2,esc50_25292,dataset_multiclass_v4/train/clap/esc50_f2_clapping_2-25292-A-22.wav,5.0
esc50_f2_clapping_2-25293-A-22.wav,clapping,clap,2,train,2,esc50_25293,dataset_multiclass_v4/train/clap/esc50_f2_clapping_2-25293-A-22.wav,5.0
esc50_f2_train_2-262579-A-45.wav,train,other,0,train,2,esc50_262579,dataset_multiclass_v4/train/other/esc50_f2_train_2-262579-A-45.wav,5.0
esc50_f2_crying_baby_2-50665-A-20.wav,crying_baby,other,0,train,2,esc50_50665,dataset_multiclass_v4/train/other/esc50_f2_crying_baby_2-50665-A-20.wav,5.0
esc50_f2_crying_baby_2-50666-A-20.wav,crying_baby,other,0,train,2,esc50_50666,dataset_multiclass_v4/train/other/esc50_f2_crying_baby_2-50666-A-20.wav,5.0
esc50_f2_breathing_2-50774-A-23.wav,breathing,other,0,train,2,esc50_50774,dataset_multiclass_v4/train/other/esc50_f2_breathing_2-50774-A-23.wav,5.0
esc50_f2_breathing_2-54961-A-23.wav,breathing,other,0,train,2,esc50_54961,dataset_multiclass_v4/train/other/esc50_f2_breathing_2-54961-A-23.wav,5.0
esc50_f2_breathing_2-54962-A-23.wav,breathing,other,0,train,2,esc50_54962,dataset_multiclass_v4/train/other/esc50_f2_breathing_2-54962-A-23.wav,5.0
esc50_f2_clapping_2-57733-A-22.wav,clapping,clap,2,train,2,esc50_57733,dataset_multiclass_v4/train/clap/esc50_f2_clapping_2-57733-A-22.wav,5.0
esc50_f2_clapping_2-60900-A-22.wav,clapping,clap,2,train,2,esc50_60900,dataset_multiclass_v4/train/clap/esc50_f2_clapping_2-60900-A-22.wav,5.0
esc50_f2_toilet_flush_2-64332-A-18.wav,toilet_flush,other,0,train,2,esc50_64332,dataset_multiclass_v4/train/other/esc50_f2_toilet_flush_2-64332-A-18.wav,5.0
esc50_f2_water_drops_2-64962-A-15.wav,water_drops,other,0,train,2,esc50_64962,dataset_multiclass_v4/train/other/esc50_f2_water_drops_2-64962-A-15.wav,5.0
esc50_f2_water_drops_2-64963-A-15.wav,water_drops,other,0,train,2,esc50_64963,dataset_multiclass_v4/train/other/esc50_f2_water_drops_2-64963-A-15.wav,5.0
esc50_f2_toilet_flush_2-65484-A-18.wav,toilet_flush,other,0,train,2,esc50_65484,dataset_multiclass_v4/train/other/esc50_f2_toilet_flush_2-65484-A-18.wav,5.0
esc50_f2_breathing_2-66205-A-23.wav,breathing,other,0,train,2,esc50_66205,dataset_multiclass_v4/train/other/esc50_f2_breathing_2-66205-A-23.wav,5.0
esc50_f2_crying_baby_2-66637-A-20.wav,crying_baby,other,0,train,2,esc50_66637,dataset_multiclass_v4/train/other/esc50_f2_crying_baby_2-66637-A-20.wav,5.0
esc50_f2_crying_baby_2-66637-B-20.wav,crying_baby,other,0,train,2,esc50_66637,dataset_multiclass_v4/train/other/esc50_f2_crying_baby_2-66637-B-20.wav,5.0
esc50_f2_toilet_flush_2-67422-A-18.wav,toilet_flush,other,0,train,2,esc50_67422,dataset_multiclass_v4/train/other/esc50_f2_toilet_flush_2-67422-A-18.wav,5.0
esc50_f2_water_drops_2-68595-A-15.wav,water_drops,other,0,train,2,esc50_68595,dataset_multiclass_v4/train/other/esc50_f2_water_drops_2-68595-A-15.wav,5.0
esc50_f2_water_drops_2-68595-B-15.wav,water_drops,other,0,train,2,esc50_68595,dataset_multiclass_v4/train/other/esc50_f2_water_drops_2-68595-B-15.wav,5.0
esc50_f2_toilet_flush_2-70280-A-18.wav,toilet_flush,other,0,train,2,esc50_70280,dataset_multiclass_v4/train/other/esc50_f2_toilet_flush_2-70280-A-18.wav,5.0
esc50_f2_door_wood_creaks_2-70344-A-33.wav,door_wood_creaks,other,0,train,2,esc50_70344,dataset_multiclass_v4/train/other/esc50_f2_door_wood_creaks_2-70344-A-33.wav,5.0
esc50_f2_door_wood_creaks_2-70366-A-33.wav,door_wood_creaks,other,0,train,2,esc50_70366,dataset_multiclass_v4/train/other/esc50_f2_door_wood_creaks_2-70366-A-33.wav,5.0
esc50_f2_door_wood_creaks_2-70367-A-33.wav,door_wood_creaks,other,0,train,2,esc50_70367,dataset_multiclass_v4/train/other/esc50_f2_door_wood_creaks_2-70367-A-33.wav,5.0
esc50_f2_chirping_birds_2-72547-A-14.wav,chirping_birds,other,0,train,2,esc50_72547,dataset_multiclass_v4/train/other/esc50_f2_chirping_birds_2-72547-A-14.wav,5.0
esc50_f2_chirping_birds_2-72547-B-14.wav,chirping_birds,other,0,train,2,esc50_72547,dataset_multiclass_v4/train/other/esc50_f2_chirping_birds_2-72547-B-14.wav,5.0
esc50_f2_chirping_birds_2-72547-C-14.wav,chirping_birds,other,0,train,2,esc50_72547,dataset_multiclass_v4/train/other/esc50_f2_chirping_birds_2-72547-C-14.wav,5.0
esc50_f2_chirping_birds_2-72547-D-14.wav,chirping_birds,other,0,train,2,esc50_72547,dataset_multiclass_v4/train/other/esc50_f2_chirping_birds_2-72547-D-14.wav,5.0
esc50_f2_toilet_flush_2-72677-A-18.wav,toilet_flush,other,0,train,2,esc50_72677,dataset_multiclass_v4/train/other/esc50_f2_toilet_flush_2-72677-A-18.wav,5.0
esc50_f2_rain_2-72970-A-10.wav,rain,other,0,train,2,esc50_72970,dataset_multiclass_v4/train/other/esc50_f2_rain_2-72970-A-10.wav,5.0
esc50_f2_rain_2-73027-A-10.wav,rain,other,0,train,2,esc50_73027,dataset_multiclass_v4/train/other/esc50_f2_rain_2-73027-A-10.wav,5.0
esc50_f2_door_wood_creaks_2-7321-A-33.wav,door_wood_creaks,other,0,train,2,esc50_7321,dataset_multiclass_v4/train/other/esc50_f2_door_wood_creaks_2-7321-A-33.wav,5.0
esc50_f2_rain_2-73260-A-10.wav,rain,other,0,train,2,esc50_73260,dataset_multiclass_v4/train/other/esc50_f2_rain_2-73260-A-10.wav,5.0
esc50_f2_toilet_flush_2-74977-A-18.wav,toilet_flush,other,0,train,2,esc50_74977,dataset_multiclass_v4/train/other/esc50_f2_toilet_flush_2-74977-A-18.wav,5.0
esc50_f2_clapping_2-76408-A-22.wav,clapping,clap,2,train,2,esc50_76408,dataset_multiclass_v4/train/clap/esc50_f2_clapping_2-76408-A-22.wav,5.0
esc50_f2_clapping_2-76408-B-22.wav,clapping,clap,2,train,2,esc50_76408,dataset_multiclass_v4/train/clap/esc50_f2_clapping_2-76408-B-22.wav,5.0
esc50_f2_clapping_2-76408-C-22.wav,clapping,clap,2,train,2,esc50_76408,dataset_multiclass_v4/train/clap/esc50_f2_clapping_2-76408-C-22.wav,5.0
esc50_f2_clapping_2-76408-D-22.wav,clapping,clap,2,train,2,esc50_76408,dataset_multiclass_v4/train/clap/esc50_f2_clapping_2-76408-D-22.wav,5.0
esc50_f2_engine_2-78651-A-44.wav,engine,other,0,train,2,esc50_78651,dataset_multiclass_v4/train/other/esc50_f2_engine_2-78651-A-44.wav,5.0
esc50_f2_crying_baby_2-80482-A-20.wav,crying_baby,other,0,train,2,esc50_80482,dataset_multiclass_v4/train/other/esc50_f2_crying_baby_2-80482-A-20.wav,5.0
esc50_f2_can_opening_2-81112-A-34.wav,can_opening,other,0,train,2,esc50_81112,dataset_multiclass_v4/train/other/esc50_f2_can_opening_2-81112-A-34.wav,5.0
esc50_f2_can_opening_2-81190-A-34.wav,can_opening,other,0,train,2,esc50_81190,dataset_multiclass_v4/train/other/esc50_f2_can_opening_2-81190-A-34.wav,5.0
esc50_f2_rain_2-81731-A-10.wav,rain,other,0,train,2,esc50_81731,dataset_multiclass_v4/train/other/esc50_f2_rain_2-81731-A-10.wav,5.0
esc50_f2_rain_2-82367-A-10.wav,rain,other,0,train,2,esc50_82367,dataset_multiclass_v4/train/other/esc50_f2_rain_2-82367-A-10.wav,5.0
esc50_f2_breathing_2-82455-A-23.wav,breathing,other,0,train,2,esc50_82455,dataset_multiclass_v4/train/other/esc50_f2_breathing_2-82455-A-23.wav,5.0
esc50_f2_can_opening_2-83667-A-34.wav,can_opening,other,0,train,2,esc50_83667,dataset_multiclass_v4/train/other/esc50_f2_can_opening_2-83667-A-34.wav,5.0
esc50_f2_can_opening_2-83688-A-34.wav,can_opening,other,0,train,2,esc50_83688,dataset_multiclass_v4/train/other/esc50_f2_can_opening_2-83688-A-34.wav,5.0
esc50_f2_toilet_flush_2-84943-A-18.wav,toilet_flush,other,0,train,2,esc50_84943,dataset_multiclass_v4/train/other/esc50_f2_toilet_flush_2-84943-A-18.wav,5.0
esc50_f2_breathing_2-84965-A-23.wav,breathing,other,0,train,2,esc50_84965,dataset_multiclass_v4/train/other/esc50_f2_breathing_2-84965-A-23.wav,5.0
esc50_f2_coughing_2-85292-A-24.wav,coughing,other,0,train,2,esc50_85292,dataset_multiclass_v4/train/other/esc50_f2_coughing_2-85292-A-24.wav,5.0
esc50_f2_can_opening_2-85471-A-34.wav,can_opening,other,0,train,2,esc50_85471,dataset_multiclass_v4/train/other/esc50_f2_can_opening_2-85471-A-34.wav,5.0
esc50_f2_toilet_flush_2-85945-A-18.wav,toilet_flush,other,0,train,2,esc50_85945,dataset_multiclass_v4/train/other/esc50_f2_toilet_flush_2-85945-A-18.wav,5.0
esc50_f2_can_opening_2-87282-A-34.wav,can_opening,other,0,train,2,esc50_87282,dataset_multiclass_v4/train/other/esc50_f2_can_opening_2-87282-A-34.wav,5.0
esc50_f2_coughing_2-87412-A-24.wav,coughing,other,0,train,2,esc50_87412,dataset_multiclass_v4/train/other/esc50_f2_coughing_2-87412-A-24.wav,5.0
esc50_f2_door_wood_creaks_2-87780-A-33.wav,door_wood_creaks,other,0,train,2,esc50_87780,dataset_multiclass_v4/train/other/esc50_f2_door_wood_creaks_2-87780-A-33.wav,5.0
esc50_f2_rain_2-87781-A-10.wav,rain,other,0,train,2,esc50_87781,dataset_multiclass_v4/train/other/esc50_f2_rain_2-87781-A-10.wav,5.0
esc50_f2_coughing_2-87794-A-24.wav,coughing,other,0,train,2,esc50_87794,dataset_multiclass_v4/train/other/esc50_f2_coughing_2-87794-A-24.wav,5.0
esc50_f2_coughing_2-87795-A-24.wav,coughing,other,0,train,2,esc50_87795,dataset_multiclass_v4/train/other/esc50_f2_coughing_2-87795-A-24.wav,5.0
esc50_f2_coughing_2-87799-A-24.wav,coughing,other,0,train,2,esc50_87799,dataset_multiclass_v4/train/other/esc50_f2_coughing_2-87799-A-24.wav,5.0
esc50_f2_clock_tick_2-88724-A-38.wav,clock_tick,other,0,train,2,esc50_88724,dataset_multiclass_v4/train/other/esc50_f2_clock_tick_2-88724-A-38.wav,5.0
esc50_f2_door_wood_creaks_2-91912-A-33.wav,door_wood_creaks,other,0,train,2,esc50_91912,dataset_multiclass_v4/train/other/esc50_f2_door_wood_creaks_2-91912-A-33.wav,5.0
esc50_f2_door_wood_creaks_2-91912-B-33.wav,door_wood_creaks,other,0,train,2,esc50_91912,dataset_multiclass_v4/train/other/esc50_f2_door_wood_creaks_2-91912-B-33.wav,5.0
esc50_f2_breathing_2-95567-A-23.wav,breathing,other,0,train,2,esc50_95567,dataset_multiclass_v4/train/other/esc50_f2_breathing_2-95567-A-23.wav,5.0
esc50_f2_breathing_2-98392-A-23.wav,breathing,other,0,train,2,esc50_98392,dataset_multiclass_v4/train/other/esc50_f2_breathing_2-98392-A-23.wav,5.0
esc50_f2_coughing_2-98676-A-24.wav,coughing,other,0,train,2,esc50_98676,dataset_multiclass_v4/train/other/esc50_f2_coughing_2-98676-A-24.wav,5.0
esc50_f2_keyboard_typing_2-99795-A-32.wav,keyboard_typing,other,0,train,2,esc50_99795,dataset_multiclass_v4/train/other/esc50_f2_keyboard_typing_2-99795-A-32.wav,5.0
esc50_f2_keyboard_typing_2-99796-A-32.wav,keyboard_typing,other,0,train,2,esc50_99796,dataset_multiclass_v4/train/other/esc50_f2_keyboard_typing_2-99796-A-32.wav,5.0
esc50_f3_toilet_flush_3-100018-A-18.wav,toilet_flush,other,0,train,3,esc50_100018,dataset_multiclass_v4/train/other/esc50_f3_toilet_flush_3-100018-A-18.wav,5.0
esc50_f3_door_wood_creaks_3-101381-A-33.wav,door_wood_creaks,other,0,train,3,esc50_101381,dataset_multiclass_v4/train/other/esc50_f3_door_wood_creaks_3-101381-A-33.wav,5.0
esc50_f3_door_wood_creaks_3-101381-B-33.wav,door_wood_creaks,other,0,train,3,esc50_101381,dataset_multiclass_v4/train/other/esc50_f3_door_wood_creaks_3-101381-B-33.wav,5.0
esc50_f3_door_wood_creaks_3-103401-A-33.wav,door_wood_creaks,other,0,train,3,esc50_103401,dataset_multiclass_v4/train/other/esc50_f3_door_wood_creaks_3-103401-A-33.wav,5.0
esc50_f3_door_wood_creaks_3-103401-B-33.wav,door_wood_creaks,other,0,train,3,esc50_103401,dataset_multiclass_v4/train/other/esc50_f3_door_wood_creaks_3-103401-B-33.wav,5.0
esc50_f3_door_wood_creaks_3-103401-C-33.wav,door_wood_creaks,other,0,train,3,esc50_103401,dataset_multiclass_v4/train/other/esc50_f3_door_wood_creaks_3-103401-C-33.wav,5.0
esc50_f3_door_wood_creaks_3-103401-D-33.wav,door_wood_creaks,other,0,train,3,esc50_103401,dataset_multiclass_v4/train/other/esc50_f3_door_wood_creaks_3-103401-D-33.wav,5.0
esc50_f3_footsteps_3-103597-A-25.wav,footsteps,footstep,1,train,3,esc50_103597,dataset_multiclass_v4/train/footstep/esc50_f3_footsteps_3-103597-A-25.wav,5.0
esc50_f3_footsteps_3-103598-A-25.wav,footsteps,footstep,1,train,3,esc50_103598,dataset_multiclass_v4/train/footstep/esc50_f3_footsteps_3-103598-A-25.wav,5.0
esc50_f3_footsteps_3-103599-A-25.wav,footsteps,footstep,1,train,3,esc50_103599,dataset_multiclass_v4/train/footstep/esc50_f3_footsteps_3-103599-A-25.wav,5.0
esc50_f3_footsteps_3-103599-B-25.wav,footsteps,footstep,1,train,3,esc50_103599,dataset_multiclass_v4/train/footstep/esc50_f3_footsteps_3-103599-B-25.wav,5.0
esc50_f3_breathing_3-108160-A-23.wav,breathing,other,0,train,3,esc50_108160,dataset_multiclass_v4/train/other/esc50_f3_breathing_3-108160-A-23.wav,5.0
esc50_f3_toilet_flush_3-108677-A-18.wav,toilet_flush,other,0,train,3,esc50_108677,dataset_multiclass_v4/train/other/esc50_f3_toilet_flush_3-108677-A-18.wav,5.0
esc50_f3_toilet_flush_3-108791-A-18.wav,toilet_flush,other,0,train,3,esc50_108791,dataset_multiclass_v4/train/other/esc50_f3_toilet_flush_3-108791-A-18.wav,5.0
esc50_f3_toilet_flush_3-112356-A-18.wav,toilet_flush,other,0,train,3,esc50_112356,dataset_multiclass_v4/train/other/esc50_f3_toilet_flush_3-112356-A-18.wav,5.0
esc50_f3_breathing_3-112557-A-23.wav,breathing,other,0,train,3,esc50_112557,dataset_multiclass_v4/train/other/esc50_f3_breathing_3-112557-A-23.wav,5.0
esc50_f3_breathing_3-112557-B-23.wav,breathing,other,0,train,3,esc50_112557,dataset_multiclass_v4/train/other/esc50_f3_breathing_3-112557-B-23.wav,5.0
esc50_f3_engine_3-115382-A-44.wav,engine,other,0,train,3,esc50_115382,dataset_multiclass_v4/train/other/esc50_f3_engine_3-115382-A-44.wav,5.0
esc50_f3_wind_3-117504-A-16.wav,wind,other,0,train,3,esc50_117504,dataset_multiclass_v4/train/other/esc50_f3_wind_3-117504-A-16.wav,5.0
esc50_f3_wind_3-117504-B-16.wav,wind,other,0,train,3,esc50_117504,dataset_multiclass_v4/train/other/esc50_f3_wind_3-117504-B-16.wav,5.0
esc50_f3_toilet_flush_3-118059-A-18.wav,toilet_flush,other,0,train,3,esc50_118059,dataset_multiclass_v4/train/other/esc50_f3_toilet_flush_3-118059-A-18.wav,5.0
esc50_f3_door_wood_creaks_3-118194-A-33.wav,door_wood_creaks,other,0,train,3,esc50_118194,dataset_multiclass_v4/train/other/esc50_f3_door_wood_creaks_3-118194-A-33.wav,5.0
esc50_f3_engine_3-119455-A-44.wav,engine,other,0,train,3,esc50_119455,dataset_multiclass_v4/train/other/esc50_f3_engine_3-119455-A-44.wav,5.0
esc50_f3_coughing_3-125418-A-24.wav,coughing,other,0,train,3,esc50_125418,dataset_multiclass_v4/train/other/esc50_f3_coughing_3-125418-A-24.wav,5.0
esc50_f3_keyboard_typing_3-125548-A-32.wav,keyboard_typing,other,0,train,3,esc50_125548,dataset_multiclass_v4/train/other/esc50_f3_keyboard_typing_3-125548-A-32.wav,5.0
esc50_f3_engine_3-128160-A-44.wav,engine,other,0,train,3,esc50_128160,dataset_multiclass_v4/train/other/esc50_f3_engine_3-128160-A-44.wav,5.0
esc50_f3_clapping_3-130330-A-22.wav,clapping,clap,2,train,3,esc50_130330,dataset_multiclass_v4/train/clap/esc50_f3_clapping_3-130330-A-22.wav,5.0
esc50_f3_coughing_3-132601-A-24.wav,coughing,other,0,train,3,esc50_132601,dataset_multiclass_v4/train/other/esc50_f3_coughing_3-132601-A-24.wav,5.0
esc50_f3_keyboard_typing_3-132830-A-32.wav,keyboard_typing,other,0,train,3,esc50_132830,dataset_multiclass_v4/train/other/esc50_f3_keyboard_typing_3-132830-A-32.wav,5.0
esc50_f3_rain_3-132852-A-10.wav,rain,other,0,train,3,esc50_132852,dataset_multiclass_v4/train/other/esc50_f3_rain_3-132852-A-10.wav,5.0
esc50_f3_wind_3-134699-A-16.wav,wind,other,0,train,3,esc50_134699,dataset_multiclass_v4/train/other/esc50_f3_wind_3-134699-A-16.wav,5.0
esc50_f3_wind_3-134699-B-16.wav,wind,other,0,train,3,esc50_134699,dataset_multiclass_v4/train/other/esc50_f3_wind_3-134699-B-16.wav,5.0
esc50_f3_wind_3-134699-C-16.wav,wind,other,0,train,3,esc50_134699,dataset_multiclass_v4/train/other/esc50_f3_wind_3-134699-C-16.wav,5.0
esc50_f3_train_3-135650-A-45.wav,train,other,0,train,3,esc50_135650,dataset_multiclass_v4/train/other/esc50_f3_train_3-135650-A-45.wav,5.0
esc50_f3_train_3-135650-B-45.wav,train,other,0,train,3,esc50_135650,dataset_multiclass_v4/train/other/esc50_f3_train_3-135650-B-45.wav,5.0
esc50_f3_train_3-136451-A-45.wav,train,other,0,train,3,esc50_136451,dataset_multiclass_v4/train/other/esc50_f3_train_3-136451-A-45.wav,5.0
esc50_f3_wind_3-136608-A-16.wav,wind,other,0,train,3,esc50_136608,dataset_multiclass_v4/train/other/esc50_f3_wind_3-136608-A-16.wav,5.0
esc50_f3_clapping_3-138114-A-22.wav,clapping,clap,2,train,3,esc50_138114,dataset_multiclass_v4/train/clap/esc50_f3_clapping_3-138114-A-22.wav,5.0
esc50_f3_train_3-138212-A-45.wav,train,other,0,train,3,esc50_138212,dataset_multiclass_v4/train/other/esc50_f3_train_3-138212-A-45.wav,5.0
esc50_f3_rain_3-140774-A-10.wav,rain,other,0,train,3,esc50_140774,dataset_multiclass_v4/train/other/esc50_f3_rain_3-140774-A-10.wav,5.0
esc50_f3_engine_3-141240-A-44.wav,engine,other,0,train,3,esc50_141240,dataset_multiclass_v4/train/other/esc50_f3_engine_3-141240-A-44.wav,5.0
esc50_f3_engine_3-141240-B-44.wav,engine,other,0,train,3,esc50_141240,dataset_multiclass_v4/train/other/esc50_f3_engine_3-141240-B-44.wav,5.0
esc50_f3_train_3-141559-A-45.wav,train,other,0,train,3,esc50_141559,dataset_multiclass_v4/train/other/esc50_f3_train_3-141559-A-45.wav,5.0
esc50_f3_rain_3-142005-A-10.wav,rain,other,0,train,3,esc50_142005,dataset_multiclass_v4/train/other/esc50_f3_rain_3-142005-A-10.wav,5.0
esc50_f3_rain_3-142006-A-10.wav,rain,other,0,train,3,esc50_142006,dataset_multiclass_v4/train/other/esc50_f3_rain_3-142006-A-10.wav,5.0
esc50_f3_clock_tick_3-142593-A-38.wav,clock_tick,other,0,train,3,esc50_142593,dataset_multiclass_v4/train/other/esc50_f3_clock_tick_3-142593-A-38.wav,5.0
esc50_f3_coughing_3-142604-A-24.wav,coughing,other,0,train,3,esc50_142604,dataset_multiclass_v4/train/other/esc50_f3_coughing_3-142604-A-24.wav,5.0
esc50_f3_rain_3-143929-A-10.wav,rain,other,0,train,3,esc50_143929,dataset_multiclass_v4/train/other/esc50_f3_rain_3-143929-A-10.wav,5.0
esc50_f3_clock_tick_3-143933-A-38.wav,clock_tick,other,0,train,3,esc50_143933,dataset_multiclass_v4/train/other/esc50_f3_clock_tick_3-143933-A-38.wav,5.0
esc50_f3_keyboard_typing_3-144106-A-32.wav,keyboard_typing,other,0,train,3,esc50_144106,dataset_multiclass_v4/train/other/esc50_f3_keyboard_typing_3-144106-A-32.wav,5.0
esc50_f3_keyboard_typing_3-144120-A-32.wav,keyboard_typing,other,0,train,3,esc50_144120,dataset_multiclass_v4/train/other/esc50_f3_keyboard_typing_3-144120-A-32.wav,5.0
esc50_f3_breathing_3-144128-A-23.wav,breathing,other,0,train,3,esc50_144128,dataset_multiclass_v4/train/other/esc50_f3_breathing_3-144128-A-23.wav,5.0
esc50_f3_breathing_3-144128-B-23.wav,breathing,other,0,train,3,esc50_144128,dataset_multiclass_v4/train/other/esc50_f3_breathing_3-144128-B-23.wav,5.0
esc50_f3_door_wood_knock_3-144510-A-30.wav,door_wood_knock,knock,3,train,3,esc50_144510,dataset_multiclass_v4/train/knock/esc50_f3_door_wood_knock_3-144510-A-30.wav,5.0
esc50_f3_coughing_3-145487-A-24.wav,coughing,other,0,train,3,esc50_145487,dataset_multiclass_v4/train/other/esc50_f3_coughing_3-145487-A-24.wav,5.0
esc50_f3_engine_3-146186-A-44.wav,engine,other,0,train,3,esc50_146186,dataset_multiclass_v4/train/other/esc50_f3_engine_3-146186-A-44.wav,5.0
esc50_f3_coughing_3-146873-A-24.wav,coughing,other,0,train,3,esc50_146873,dataset_multiclass_v4/train/other/esc50_f3_coughing_3-146873-A-24.wav,5.0
esc50_f3_can_opening_3-147342-A-34.wav,can_opening,other,0,train,3,esc50_147342,dataset_multiclass_v4/train/other/esc50_f3_can_opening_3-147342-A-34.wav,5.0
esc50_f3_can_opening_3-147343-A-34.wav,can_opening,other,0,train,3,esc50_147343,dataset_multiclass_v4/train/other/esc50_f3_can_opening_3-147343-A-34.wav,5.0
esc50_f3_can_opening_3-148932-A-34.wav,can_opening,other,0,train,3,esc50_148932,dataset_multiclass_v4/train/other/esc50_f3_can_opening_3-148932-A-34.wav,5.0
esc50_f3_coughing_3-149042-A-24.wav,coughing,other,0,train,3,esc50_149042,dataset_multiclass_v4/train/other/esc50_f3_coughing_3-149042-A-24.wav,5.0
esc50_f3_clapping_3-149465-A-22.wav,clapping,clap,2,train,3,esc50_149465,dataset_multiclass_v4/train/clap/esc50_f3_clapping_3-149465-A-22.wav,5.0
esc50_f3_clock_tick_3-150363-A-38.wav,clock_tick,other,0,train,3,esc50_150363,dataset_multiclass_v4/train/other/esc50_f3_clock_tick_3-150363-A-38.wav,5.0
esc50_f3_crying_baby_3-151080-A-20.wav,crying_baby,other,0,train,3,esc50_151080,dataset_multiclass_v4/train/other/esc50_f3_crying_baby_3-151080-A-20.wav,5.0
esc50_f3_crying_baby_3-151081-A-20.wav,crying_baby,other,0,train,3,esc50_151081,dataset_multiclass_v4/train/other/esc50_f3_crying_baby_3-151081-A-20.wav,5.0
esc50_f3_crying_baby_3-151081-B-20.wav,crying_baby,other,0,train,3,esc50_151081,dataset_multiclass_v4/train/other/esc50_f3_crying_baby_3-151081-B-20.wav,5.0
esc50_f3_door_wood_knock_3-151089-A-30.wav,door_wood_knock,knock,3,train,3,esc50_151089,dataset_multiclass_v4/train/knock/esc50_f3_door_wood_knock_3-151089-A-30.wav,5.0
esc50_f3_breathing_3-151206-A-23.wav,breathing,other,0,train,3,esc50_151206,dataset_multiclass_v4/train/other/esc50_f3_breathing_3-151206-A-23.wav,5.0
esc50_f3_coughing_3-151212-A-24.wav,coughing,other,0,train,3,esc50_151212,dataset_multiclass_v4/train/other/esc50_f3_coughing_3-151212-A-24.wav,5.0
esc50_f3_coughing_3-151213-A-24.wav,coughing,other,0,train,3,esc50_151213,dataset_multiclass_v4/train/other/esc50_f3_coughing_3-151213-A-24.wav,5.0
esc50_f3_crying_baby_3-152007-A-20.wav,crying_baby,other,0,train,3,esc50_152007,dataset_multiclass_v4/train/other/esc50_f3_crying_baby_3-152007-A-20.wav,5.0
esc50_f3_crying_baby_3-152007-B-20.wav,crying_baby,other,0,train,3,esc50_152007,dataset_multiclass_v4/train/other/esc50_f3_crying_baby_3-152007-B-20.wav,5.0
esc50_f3_crying_baby_3-152007-C-20.wav,crying_baby,other,0,train,3,esc50_152007,dataset_multiclass_v4/train/other/esc50_f3_crying_baby_3-152007-C-20.wav,5.0
esc50_f3_crying_baby_3-152007-D-20.wav,crying_baby,other,0,train,3,esc50_152007,dataset_multiclass_v4/train/other/esc50_f3_crying_baby_3-152007-D-20.wav,5.0
esc50_f3_crying_baby_3-152007-E-20.wav,crying_baby,other,0,train,3,esc50_152007,dataset_multiclass_v4/train/other/esc50_f3_crying_baby_3-152007-E-20.wav,5.0
esc50_f3_vacuum_cleaner_3-152020-A-36.wav,vacuum_cleaner,other,0,train,3,esc50_152020,dataset_multiclass_v4/train/other/esc50_f3_vacuum_cleaner_3-152020-A-36.wav,5.0
esc50_f3_vacuum_cleaner_3-152020-B-36.wav,vacuum_cleaner,other,0,train,3,esc50_152020,dataset_multiclass_v4/train/other/esc50_f3_vacuum_cleaner_3-152020-B-36.wav,5.0
esc50_f3_vacuum_cleaner_3-152020-C-36.wav,vacuum_cleaner,other,0,train,3,esc50_152020,dataset_multiclass_v4/train/other/esc50_f3_vacuum_cleaner_3-152020-C-36.wav,5.0
esc50_f3_door_wood_knock_3-152594-A-30.wav,door_wood_knock,knock,3,train,3,esc50_152594,dataset_multiclass_v4/train/knock/esc50_f3_door_wood_knock_3-152594-A-30.wav,5.0
esc50_f3_keyboard_typing_3-153444-A-32.wav,keyboard_typing,other,0,train,3,esc50_153444,dataset_multiclass_v4/train/other/esc50_f3_keyboard_typing_3-153444-A-32.wav,5.0
esc50_f3_door_wood_knock_3-154378-A-30.wav,door_wood_knock,knock,3,train,3,esc50_154378,dataset_multiclass_v4/train/knock/esc50_f3_door_wood_knock_3-154378-A-30.wav,5.0
esc50_f3_engine_3-154758-A-44.wav,engine,other,0,train,3,esc50_154758,dataset_multiclass_v4/train/other/esc50_f3_engine_3-154758-A-44.wav,5.0
esc50_f3_keyboard_typing_3-154781-A-32.wav,keyboard_typing,other,0,train,3,esc50_154781,dataset_multiclass_v4/train/other/esc50_f3_keyboard_typing_3-154781-A-32.wav,5.0
esc50_f3_mouse_click_3-155556-A-31.wav,mouse_click,other,0,train,3,esc50_155556,dataset_multiclass_v4/train/other/esc50_f3_mouse_click_3-155556-A-31.wav,5.0
esc50_f3_keyboard_typing_3-155568-A-32.wav,keyboard_typing,other,0,train,3,esc50_155568,dataset_multiclass_v4/train/other/esc50_f3_keyboard_typing_3-155568-A-32.wav,5.0
esc50_f3_keyboard_typing_3-155570-A-32.wav,keyboard_typing,other,0,train,3,esc50_155570,dataset_multiclass_v4/train/other/esc50_f3_keyboard_typing_3-155570-A-32.wav,5.0
esc50_f3_chirping_birds_3-155577-A-14.wav,chirping_birds,other,0,train,3,esc50_155577,dataset_multiclass_v4/train/other/esc50_f3_chirping_birds_3-155577-A-14.wav,5.0
esc50_f3_chirping_birds_3-155578-A-14.wav,chirping_birds,other,0,train,3,esc50_155578,dataset_multiclass_v4/train/other/esc50_f3_chirping_birds_3-155578-A-14.wav,5.0
esc50_f3_chirping_birds_3-155579-A-14.wav,chirping_birds,other,0,train,3,esc50_155579,dataset_multiclass_v4/train/other/esc50_f3_chirping_birds_3-155579-A-14.wav,5.0
esc50_f3_chirping_birds_3-155583-A-14.wav,chirping_birds,other,0,train,3,esc50_155583,dataset_multiclass_v4/train/other/esc50_f3_chirping_birds_3-155583-A-14.wav,5.0
esc50_f3_chirping_birds_3-155584-A-14.wav,chirping_birds,other,0,train,3,esc50_155584,dataset_multiclass_v4/train/other/esc50_f3_chirping_birds_3-155584-A-14.wav,5.0
esc50_f3_can_opening_3-155659-A-34.wav,can_opening,other,0,train,3,esc50_155659,dataset_multiclass_v4/train/other/esc50_f3_can_opening_3-155659-A-34.wav,5.0
esc50_f3_chirping_birds_3-156581-A-14.wav,chirping_birds,other,0,train,3,esc50_156581,dataset_multiclass_v4/train/other/esc50_f3_chirping_birds_3-156581-A-14.wav,5.0
esc50_f3_chirping_birds_3-156581-B-14.wav,chirping_birds,other,0,train,3,esc50_156581,dataset_multiclass_v4/train/other/esc50_f3_chirping_birds_3-156581-B-14.wav,5.0
esc50_f3_water_drops_3-156907-A-15.wav,water_drops,other,0,train,3,esc50_156907,dataset_multiclass_v4/train/other/esc50_f3_water_drops_3-156907-A-15.wav,5.0
esc50_f3_rain_3-157149-A-10.wav,rain,other,0,train,3,esc50_157149,dataset_multiclass_v4/train/other/esc50_f3_rain_3-157149-A-10.wav,5.0
esc50_f3_rain_3-157487-A-10.wav,rain,other,0,train,3,esc50_157487,dataset_multiclass_v4/train/other/esc50_f3_rain_3-157487-A-10.wav,5.0
esc50_f3_train_3-157492-A-45.wav,train,other,0,train,3,esc50_157492,dataset_multiclass_v4/train/other/esc50_f3_train_3-157492-A-45.wav,5.0
esc50_f3_rain_3-157615-A-10.wav,rain,other,0,train,3,esc50_157615,dataset_multiclass_v4/train/other/esc50_f3_rain_3-157615-A-10.wav,5.0
esc50_f3_mouse_click_3-158056-A-31.wav,mouse_click,other,0,train,3,esc50_158056,dataset_multiclass_v4/train/other/esc50_f3_mouse_click_3-158056-A-31.wav,5.0
esc50_f3_mouse_click_3-158056-B-31.wav,mouse_click,other,0,train,3,esc50_158056,dataset_multiclass_v4/train/other/esc50_f3_mouse_click_3-158056-B-31.wav,5.0
esc50_f3_vacuum_cleaner_3-159346-A-36.wav,vacuum_cleaner,other,0,train,3,esc50_159346,dataset_multiclass_v4/train/other/esc50_f3_vacuum_cleaner_3-159346-A-36.wav,5.0
esc50_f3_vacuum_cleaner_3-159346-B-36.wav,vacuum_cleaner,other,0,train,3,esc50_159346,dataset_multiclass_v4/train/other/esc50_f3_vacuum_cleaner_3-159346-B-36.wav,5.0
esc50_f3_vacuum_cleaner_3-159347-A-36.wav,vacuum_cleaner,other,0,train,3,esc50_159347,dataset_multiclass_v4/train/other/esc50_f3_vacuum_cleaner_3-159347-A-36.wav,5.0
esc50_f3_vacuum_cleaner_3-159347-B-36.wav,vacuum_cleaner,other,0,train,3,esc50_159347,dataset_multiclass_v4/train/other/esc50_f3_vacuum_cleaner_3-159347-B-36.wav,5.0
esc50_f3_vacuum_cleaner_3-159348-A-36.wav,vacuum_cleaner,other,0,train,3,esc50_159348,dataset_multiclass_v4/train/other/esc50_f3_vacuum_cleaner_3-159348-A-36.wav,5.0
esc50_f3_train_3-159445-A-45.wav,train,other,0,train,3,esc50_159445,dataset_multiclass_v4/train/other/esc50_f3_train_3-159445-A-45.wav,5.0
esc50_f3_train_3-159445-B-45.wav,train,other,0,train,3,esc50_159445,dataset_multiclass_v4/train/other/esc50_f3_train_3-159445-B-45.wav,5.0
esc50_f3_water_drops_3-160119-A-15.wav,water_drops,other,0,train,3,esc50_160119,dataset_multiclass_v4/train/other/esc50_f3_water_drops_3-160119-A-15.wav,5.0
esc50_f3_water_drops_3-164592-A-15.wav,water_drops,other,0,train,3,esc50_164592,dataset_multiclass_v4/train/other/esc50_f3_water_drops_3-164592-A-15.wav,5.0
esc50_f3_water_drops_3-164593-A-15.wav,water_drops,other,0,train,3,esc50_164593,dataset_multiclass_v4/train/other/esc50_f3_water_drops_3-164593-A-15.wav,5.0
esc50_f3_water_drops_3-164594-A-15.wav,water_drops,other,0,train,3,esc50_164594,dataset_multiclass_v4/train/other/esc50_f3_water_drops_3-164594-A-15.wav,5.0
esc50_f3_water_drops_3-164595-A-15.wav,water_drops,other,0,train,3,esc50_164595,dataset_multiclass_v4/train/other/esc50_f3_water_drops_3-164595-A-15.wav,5.0
esc50_f3_clock_tick_3-164688-A-38.wav,clock_tick,other,0,train,3,esc50_164688,dataset_multiclass_v4/train/other/esc50_f3_clock_tick_3-164688-A-38.wav,5.0
esc50_f3_breathing_3-166125-A-23.wav,breathing,other,0,train,3,esc50_166125,dataset_multiclass_v4/train/other/esc50_f3_breathing_3-166125-A-23.wav,5.0
esc50_f3_breathing_3-166125-B-23.wav,breathing,other,0,train,3,esc50_166125,dataset_multiclass_v4/train/other/esc50_f3_breathing_3-166125-B-23.wav,5.0
esc50_f3_water_drops_3-166324-A-15.wav,water_drops,other,0,train,3,esc50_166324,dataset_multiclass_v4/train/other/esc50_f3_water_drops_3-166324-A-15.wav,5.0
esc50_f3_water_drops_3-166326-A-15.wav,water_drops,other,0,train,3,esc50_166326,dataset_multiclass_v4/train/other/esc50_f3_water_drops_3-166326-A-15.wav,5.0
esc50_f3_can_opening_3-166546-A-34.wav,can_opening,other,0,train,3,esc50_166546,dataset_multiclass_v4/train/other/esc50_f3_can_opening_3-166546-A-34.wav,5.0
esc50_f3_can_opening_3-166546-B-34.wav,can_opening,other,0,train,3,esc50_166546,dataset_multiclass_v4/train/other/esc50_f3_can_opening_3-166546-B-34.wav,5.0
esc50_f3_mouse_click_3-167096-A-31.wav,mouse_click,other,0,train,3,esc50_167096,dataset_multiclass_v4/train/other/esc50_f3_mouse_click_3-167096-A-31.wav,5.0
esc50_f3_can_opening_3-170002-A-34.wav,can_opening,other,0,train,3,esc50_170002,dataset_multiclass_v4/train/other/esc50_f3_can_opening_3-170002-A-34.wav,5.0
esc50_f3_mouse_click_3-170312-A-31.wav,mouse_click,other,0,train,3,esc50_170312,dataset_multiclass_v4/train/other/esc50_f3_mouse_click_3-170312-A-31.wav,5.0
esc50_f3_clock_tick_3-170377-A-38.wav,clock_tick,other,0,train,3,esc50_170377,dataset_multiclass_v4/train/other/esc50_f3_clock_tick_3-170377-A-38.wav,5.0
esc50_f3_clock_tick_3-170383-A-38.wav,clock_tick,other,0,train,3,esc50_170383,dataset_multiclass_v4/train/other/esc50_f3_clock_tick_3-170383-A-38.wav,5.0
esc50_f3_door_wood_knock_3-170574-A-30.wav,door_wood_knock,knock,3,train,3,esc50_170574,dataset_multiclass_v4/train/knock/esc50_f3_door_wood_knock_3-170574-A-30.wav,5.0
esc50_f3_mouse_click_3-170851-A-31.wav,mouse_click,other,0,train,3,esc50_170851,dataset_multiclass_v4/train/other/esc50_f3_mouse_click_3-170851-A-31.wav,5.0
esc50_f3_clock_tick_3-171012-A-38.wav,clock_tick,other,0,train,3,esc50_171012,dataset_multiclass_v4/train/other/esc50_f3_clock_tick_3-171012-A-38.wav,5.0
esc50_f3_clock_tick_3-171041-A-38.wav,clock_tick,other,0,train,3,esc50_171041,dataset_multiclass_v4/train/other/esc50_f3_clock_tick_3-171041-A-38.wav,5.0
esc50_f3_can_opening_3-171937-A-34.wav,can_opening,other,0,train,3,esc50_171937,dataset_multiclass_v4/train/other/esc50_f3_can_opening_3-171937-A-34.wav,5.0
esc50_f3_mouse_click_3-172179-A-31.wav,mouse_click,other,0,train,3,esc50_172179,dataset_multiclass_v4/train/other/esc50_f3_mouse_click_3-172179-A-31.wav,5.0
esc50_f3_clapping_3-177082-A-22.wav,clapping,clap,2,train,3,esc50_177082,dataset_multiclass_v4/train/clap/esc50_f3_clapping_3-177082-A-22.wav,5.0
esc50_f3_clapping_3-177083-A-22.wav,clapping,clap,2,train,3,esc50_177083,dataset_multiclass_v4/train/clap/esc50_f3_clapping_3-177083-A-22.wav,5.0
esc50_f3_door_wood_knock_3-180147-A-30.wav,door_wood_knock,knock,3,train,3,esc50_180147,dataset_multiclass_v4/train/knock/esc50_f3_door_wood_knock_3-180147-A-30.wav,5.0
esc50_f3_chirping_birds_3-181132-A-14.wav,chirping_birds,other,0,train,3,esc50_181132,dataset_multiclass_v4/train/other/esc50_f3_chirping_birds_3-181132-A-14.wav,5.0
esc50_f3_clapping_3-181278-A-22.wav,clapping,clap,2,train,3,esc50_181278,dataset_multiclass_v4/train/clap/esc50_f3_clapping_3-181278-A-22.wav,5.0
esc50_f3_door_wood_knock_3-182023-A-30.wav,door_wood_knock,knock,3,train,3,esc50_182023,dataset_multiclass_v4/train/knock/esc50_f3_door_wood_knock_3-182023-A-30.wav,5.0
esc50_f3_door_wood_knock_3-182025-A-30.wav,door_wood_knock,knock,3,train,3,esc50_182025,dataset_multiclass_v4/train/knock/esc50_f3_door_wood_knock_3-182025-A-30.wav,5.0
esc50_f3_mouse_click_3-185313-A-31.wav,mouse_click,other,0,train,3,esc50_185313,dataset_multiclass_v4/train/other/esc50_f3_mouse_click_3-185313-A-31.wav,5.0
esc50_f3_clapping_3-197435-A-22.wav,clapping,clap,2,train,3,esc50_197435,dataset_multiclass_v4/train/clap/esc50_f3_clapping_3-197435-A-22.wav,5.0
esc50_f3_clapping_3-197435-B-22.wav,clapping,clap,2,train,3,esc50_197435,dataset_multiclass_v4/train/clap/esc50_f3_clapping_3-197435-B-22.wav,5.0
esc50_f3_glass_breaking_3-203371-A-39.wav,glass_breaking,other,0,train,3,esc50_203371,dataset_multiclass_v4/train/other/esc50_f3_glass_breaking_3-203371-A-39.wav,5.0
esc50_f3_glass_breaking_3-203373-A-39.wav,glass_breaking,other,0,train,3,esc50_203373,dataset_multiclass_v4/train/other/esc50_f3_glass_breaking_3-203373-A-39.wav,5.0
esc50_f3_glass_breaking_3-203374-A-39.wav,glass_breaking,other,0,train,3,esc50_203374,dataset_multiclass_v4/train/other/esc50_f3_glass_breaking_3-203374-A-39.wav,5.0
esc50_f3_glass_breaking_3-203375-A-39.wav,glass_breaking,other,0,train,3,esc50_203375,dataset_multiclass_v4/train/other/esc50_f3_glass_breaking_3-203375-A-39.wav,5.0
esc50_f3_glass_breaking_3-203377-A-39.wav,glass_breaking,other,0,train,3,esc50_203377,dataset_multiclass_v4/train/other/esc50_f3_glass_breaking_3-203377-A-39.wav,5.0
esc50_f3_glass_breaking_3-216280-A-39.wav,glass_breaking,other,0,train,3,esc50_216280,dataset_multiclass_v4/train/other/esc50_f3_glass_breaking_3-216280-A-39.wav,5.0
esc50_f3_glass_breaking_3-216281-A-39.wav,glass_breaking,other,0,train,3,esc50_216281,dataset_multiclass_v4/train/other/esc50_f3_glass_breaking_3-216281-A-39.wav,5.0
esc50_f3_glass_breaking_3-216284-A-39.wav,glass_breaking,other,0,train,3,esc50_216284,dataset_multiclass_v4/train/other/esc50_f3_glass_breaking_3-216284-A-39.wav,5.0
esc50_f3_wind_3-246513-A-16.wav,wind,other,0,train,3,esc50_246513,dataset_multiclass_v4/train/other/esc50_f3_wind_3-246513-A-16.wav,5.0
esc50_f3_wind_3-246513-B-16.wav,wind,other,0,train,3,esc50_246513,dataset_multiclass_v4/train/other/esc50_f3_wind_3-246513-B-16.wav,5.0
esc50_f3_footsteps_3-249913-A-25.wav,footsteps,footstep,1,train,3,esc50_249913,dataset_multiclass_v4/train/footstep/esc50_f3_footsteps_3-249913-A-25.wav,5.0
esc50_f3_engine_3-259622-A-44.wav,engine,other,0,train,3,esc50_259622,dataset_multiclass_v4/train/other/esc50_f3_engine_3-259622-A-44.wav,5.0
esc50_f3_toilet_flush_3-92637-A-18.wav,toilet_flush,other,0,train,3,esc50_92637,dataset_multiclass_v4/train/other/esc50_f3_toilet_flush_3-92637-A-18.wav,5.0
esc50_f3_toilet_flush_3-93010-A-18.wav,toilet_flush,other,0,train,3,esc50_93010,dataset_multiclass_v4/train/other/esc50_f3_toilet_flush_3-93010-A-18.wav,5.0
esc50_f3_footsteps_3-94342-A-25.wav,footsteps,footstep,1,train,3,esc50_94342,dataset_multiclass_v4/train/footstep/esc50_f3_footsteps_3-94342-A-25.wav,5.0
esc50_f3_footsteps_3-94343-A-25.wav,footsteps,footstep,1,train,3,esc50_94343,dataset_multiclass_v4/train/footstep/esc50_f3_footsteps_3-94343-A-25.wav,5.0
esc50_f3_footsteps_3-94344-A-25.wav,footsteps,footstep,1,train,3,esc50_94344,dataset_multiclass_v4/train/footstep/esc50_f3_footsteps_3-94344-A-25.wav,5.0
esc50_f3_door_wood_creaks_3-94355-A-33.wav,door_wood_creaks,other,0,train,3,esc50_94355,dataset_multiclass_v4/train/other/esc50_f3_door_wood_creaks_3-94355-A-33.wav,5.0
esc50_f3_toilet_flush_3-98771-A-18.wav,toilet_flush,other,0,train,3,esc50_98771,dataset_multiclass_v4/train/other/esc50_f3_toilet_flush_3-98771-A-18.wav,5.0
esc50_f4_door_wood_creaks_4-107117-A-33.wav,door_wood_creaks,other,0,validation,4,esc50_107117,dataset_multiclass_v4/validation/other/esc50_f4_door_wood_creaks_4-107117-A-33.wav,5.0
esc50_f4_door_wood_creaks_4-107120-A-33.wav,door_wood_creaks,other,0,validation,4,esc50_107120,dataset_multiclass_v4/validation/other/esc50_f4_door_wood_creaks_4-107120-A-33.wav,5.0
esc50_f4_door_wood_creaks_4-107122-A-33.wav,door_wood_creaks,other,0,validation,4,esc50_107122,dataset_multiclass_v4/validation/other/esc50_f4_door_wood_creaks_4-107122-A-33.wav,5.0
esc50_f4_door_wood_creaks_4-108352-A-33.wav,door_wood_creaks,other,0,validation,4,esc50_108352,dataset_multiclass_v4/validation/other/esc50_f4_door_wood_creaks_4-108352-A-33.wav,5.0
esc50_f4_footsteps_4-117627-A-25.wav,footsteps,footstep,1,validation,4,esc50_117627,dataset_multiclass_v4/validation/footstep/esc50_f4_footsteps_4-117627-A-25.wav,5.0
esc50_f4_footsteps_4-117630-A-25.wav,footsteps,footstep,1,validation,4,esc50_117630,dataset_multiclass_v4/validation/footstep/esc50_f4_footsteps_4-117630-A-25.wav,5.0
esc50_f4_toilet_flush_4-119720-A-18.wav,toilet_flush,other,0,validation,4,esc50_119720,dataset_multiclass_v4/validation/other/esc50_f4_toilet_flush_4-119720-A-18.wav,5.0
esc50_f4_toilet_flush_4-123680-A-18.wav,toilet_flush,other,0,validation,4,esc50_123680,dataset_multiclass_v4/validation/other/esc50_f4_toilet_flush_4-123680-A-18.wav,5.0
esc50_f4_toilet_flush_4-126046-A-18.wav,toilet_flush,other,0,validation,4,esc50_126046,dataset_multiclass_v4/validation/other/esc50_f4_toilet_flush_4-126046-A-18.wav,5.0
esc50_f4_toilet_flush_4-126532-A-18.wav,toilet_flush,other,0,validation,4,esc50_126532,dataset_multiclass_v4/validation/other/esc50_f4_toilet_flush_4-126532-A-18.wav,5.0
esc50_f4_door_wood_creaks_4-128659-A-33.wav,door_wood_creaks,other,0,validation,4,esc50_128659,dataset_multiclass_v4/validation/other/esc50_f4_door_wood_creaks_4-128659-A-33.wav,5.0
esc50_f4_door_wood_creaks_4-132839-A-33.wav,door_wood_creaks,other,0,validation,4,esc50_132839,dataset_multiclass_v4/validation/other/esc50_f4_door_wood_creaks_4-132839-A-33.wav,5.0
esc50_f4_toilet_flush_4-135439-A-18.wav,toilet_flush,other,0,validation,4,esc50_135439,dataset_multiclass_v4/validation/other/esc50_f4_toilet_flush_4-135439-A-18.wav,5.0
esc50_f4_toilet_flush_4-141365-A-18.wav,toilet_flush,other,0,validation,4,esc50_141365,dataset_multiclass_v4/validation/other/esc50_f4_toilet_flush_4-141365-A-18.wav,5.0
esc50_f4_wind_4-144083-A-16.wav,wind,other,0,validation,4,esc50_144083,dataset_multiclass_v4/validation/other/esc50_f4_wind_4-144083-A-16.wav,5.0
esc50_f4_wind_4-144083-B-16.wav,wind,other,0,validation,4,esc50_144083,dataset_multiclass_v4/validation/other/esc50_f4_wind_4-144083-B-16.wav,5.0
esc50_f4_wind_4-144083-C-16.wav,wind,other,0,validation,4,esc50_144083,dataset_multiclass_v4/validation/other/esc50_f4_wind_4-144083-C-16.wav,5.0
esc50_f4_wind_4-144085-A-16.wav,wind,other,0,validation,4,esc50_144085,dataset_multiclass_v4/validation/other/esc50_f4_wind_4-144085-A-16.wav,5.0
esc50_f4_toilet_flush_4-145006-A-18.wav,toilet_flush,other,0,validation,4,esc50_145006,dataset_multiclass_v4/validation/other/esc50_f4_toilet_flush_4-145006-A-18.wav,5.0
esc50_f4_vacuum_cleaner_4-146200-A-36.wav,vacuum_cleaner,other,0,validation,4,esc50_146200,dataset_multiclass_v4/validation/other/esc50_f4_vacuum_cleaner_4-146200-A-36.wav,5.0
esc50_f4_toilet_flush_4-152958-A-18.wav,toilet_flush,other,0,validation,4,esc50_152958,dataset_multiclass_v4/validation/other/esc50_f4_toilet_flush_4-152958-A-18.wav,5.0
esc50_f4_coughing_4-152995-A-24.wav,coughing,other,0,validation,4,esc50_152995,dataset_multiclass_v4/validation/other/esc50_f4_coughing_4-152995-A-24.wav,5.0
esc50_f4_coughing_4-154443-A-24.wav,coughing,other,0,validation,4,esc50_154443,dataset_multiclass_v4/validation/other/esc50_f4_coughing_4-154443-A-24.wav,5.0
esc50_f4_coughing_4-155650-A-24.wav,coughing,other,0,validation,4,esc50_155650,dataset_multiclass_v4/validation/other/esc50_f4_coughing_4-155650-A-24.wav,5.0
esc50_f4_coughing_4-155650-B-24.wav,coughing,other,0,validation,4,esc50_155650,dataset_multiclass_v4/validation/other/esc50_f4_coughing_4-155650-B-24.wav,5.0
esc50_f4_coughing_4-157296-A-24.wav,coughing,other,0,validation,4,esc50_157296,dataset_multiclass_v4/validation/other/esc50_f4_coughing_4-157296-A-24.wav,5.0
esc50_f4_keyboard_typing_4-158653-A-32.wav,keyboard_typing,other,0,validation,4,esc50_158653,dataset_multiclass_v4/validation/other/esc50_f4_keyboard_typing_4-158653-A-32.wav,5.0
esc50_f4_chirping_birds_4-159609-A-14.wav,chirping_birds,other,0,validation,4,esc50_159609,dataset_multiclass_v4/validation/other/esc50_f4_chirping_birds_4-159609-A-14.wav,5.0
esc50_f4_chirping_birds_4-159609-B-14.wav,chirping_birds,other,0,validation,4,esc50_159609,dataset_multiclass_v4/validation/other/esc50_f4_chirping_birds_4-159609-B-14.wav,5.0
esc50_f4_door_wood_creaks_4-160036-A-33.wav,door_wood_creaks,other,0,validation,4,esc50_160036,dataset_multiclass_v4/validation/other/esc50_f4_door_wood_creaks_4-160036-A-33.wav,5.0
esc50_f4_door_wood_creaks_4-160036-B-33.wav,door_wood_creaks,other,0,validation,4,esc50_160036,dataset_multiclass_v4/validation/other/esc50_f4_door_wood_creaks_4-160036-B-33.wav,5.0
esc50_f4_rain_4-160999-A-10.wav,rain,other,0,validation,4,esc50_160999,dataset_multiclass_v4/validation/other/esc50_f4_rain_4-160999-A-10.wav,5.0
esc50_f4_rain_4-161127-A-10.wav,rain,other,0,validation,4,esc50_161127,dataset_multiclass_v4/validation/other/esc50_f4_rain_4-161127-A-10.wav,5.0
esc50_f4_rain_4-163264-A-10.wav,rain,other,0,validation,4,esc50_163264,dataset_multiclass_v4/validation/other/esc50_f4_rain_4-163264-A-10.wav,5.0
esc50_f4_wind_4-163606-A-16.wav,wind,other,0,validation,4,esc50_163606,dataset_multiclass_v4/validation/other/esc50_f4_wind_4-163606-A-16.wav,5.0
esc50_f4_wind_4-163608-B-16.wav,wind,other,0,validation,4,esc50_163608,dataset_multiclass_v4/validation/other/esc50_f4_wind_4-163608-B-16.wav,5.0
esc50_f4_wind_4-163609-A-16.wav,wind,other,0,validation,4,esc50_163609,dataset_multiclass_v4/validation/other/esc50_f4_wind_4-163609-A-16.wav,5.0
esc50_f4_wind_4-163609-B-16.wav,wind,other,0,validation,4,esc50_163609,dataset_multiclass_v4/validation/other/esc50_f4_wind_4-163609-B-16.wav,5.0
esc50_f4_rain_4-164206-A-10.wav,rain,other,0,validation,4,esc50_164206,dataset_multiclass_v4/validation/other/esc50_f4_rain_4-164206-A-10.wav,5.0
esc50_f4_train_4-165606-A-45.wav,train,other,0,validation,4,esc50_165606,dataset_multiclass_v4/validation/other/esc50_f4_train_4-165606-A-45.wav,5.0
esc50_f4_train_4-165791-A-45.wav,train,other,0,validation,4,esc50_165791,dataset_multiclass_v4/validation/other/esc50_f4_train_4-165791-A-45.wav,5.0
esc50_f4_train_4-165791-B-45.wav,train,other,0,validation,4,esc50_165791,dataset_multiclass_v4/validation/other/esc50_f4_train_4-165791-B-45.wav,5.0
esc50_f4_train_4-165845-A-45.wav,train,other,0,validation,4,esc50_165845,dataset_multiclass_v4/validation/other/esc50_f4_train_4-165845-A-45.wav,5.0
esc50_f4_train_4-165845-B-45.wav,train,other,0,validation,4,esc50_165845,dataset_multiclass_v4/validation/other/esc50_f4_train_4-165845-B-45.wav,5.0
esc50_f4_train_4-165933-A-45.wav,train,other,0,validation,4,esc50_165933,dataset_multiclass_v4/validation/other/esc50_f4_train_4-165933-A-45.wav,5.0
esc50_f4_rain_4-166661-A-10.wav,rain,other,0,validation,4,esc50_166661,dataset_multiclass_v4/validation/other/esc50_f4_rain_4-166661-A-10.wav,5.0
esc50_f4_crying_baby_4-167077-A-20.wav,crying_baby,other,0,validation,4,esc50_167077,dataset_multiclass_v4/validation/other/esc50_f4_crying_baby_4-167077-A-20.wav,5.0
esc50_f4_crying_baby_4-167077-B-20.wav,crying_baby,other,0,validation,4,esc50_167077,dataset_multiclass_v4/validation/other/esc50_f4_crying_baby_4-167077-B-20.wav,5.0
esc50_f4_crying_baby_4-167077-C-20.wav,crying_baby,other,0,validation,4,esc50_167077,dataset_multiclass_v4/validation/other/esc50_f4_crying_baby_4-167077-C-20.wav,5.0
esc50_f4_keyboard_typing_4-167155-A-32.wav,keyboard_typing,other,0,validation,4,esc50_167155,dataset_multiclass_v4/validation/other/esc50_f4_keyboard_typing_4-167155-A-32.wav,5.0
esc50_f4_water_drops_4-168155-A-15.wav,water_drops,other,0,validation,4,esc50_168155,dataset_multiclass_v4/validation/other/esc50_f4_water_drops_4-168155-A-15.wav,5.0
esc50_f4_train_4-168446-A-45.wav,train,other,0,validation,4,esc50_168446,dataset_multiclass_v4/validation/other/esc50_f4_train_4-168446-A-45.wav,5.0
esc50_f4_coughing_4-169726-A-24.wav,coughing,other,0,validation,4,esc50_169726,dataset_multiclass_v4/validation/other/esc50_f4_coughing_4-169726-A-24.wav,5.0
esc50_f4_coughing_4-171396-A-24.wav,coughing,other,0,validation,4,esc50_171396,dataset_multiclass_v4/validation/other/esc50_f4_coughing_4-171396-A-24.wav,5.0
esc50_f4_engine_4-171652-A-44.wav,engine,other,0,validation,4,esc50_171652,dataset_multiclass_v4/validation/other/esc50_f4_engine_4-171652-A-44.wav,5.0
esc50_f4_breathing_4-171706-A-23.wav,breathing,other,0,validation,4,esc50_171706,dataset_multiclass_v4/validation/other/esc50_f4_breathing_4-171706-A-23.wav,5.0
esc50_f4_keyboard_typing_4-172180-A-32.wav,keyboard_typing,other,0,validation,4,esc50_172180,dataset_multiclass_v4/validation/other/esc50_f4_keyboard_typing_4-172180-A-32.wav,5.0
esc50_f4_vacuum_cleaner_4-172732-A-36.wav,vacuum_cleaner,other,0,validation,4,esc50_172732,dataset_multiclass_v4/validation/other/esc50_f4_vacuum_cleaner_4-172732-A-36.wav,5.0
esc50_f4_vacuum_cleaner_4-172733-A-36.wav,vacuum_cleaner,other,0,validation,4,esc50_172733,dataset_multiclass_v4/validation/other/esc50_f4_vacuum_cleaner_4-172733-A-36.wav,5.0
esc50_f4_vacuum_cleaner_4-172734-A-36.wav,vacuum_cleaner,other,0,validation,4,esc50_172734,dataset_multiclass_v4/validation/other/esc50_f4_vacuum_cleaner_4-172734-A-36.wav,5.0
esc50_f4_vacuum_cleaner_4-172736-A-36.wav,vacuum_cleaner,other,0,validation,4,esc50_172736,dataset_multiclass_v4/validation/other/esc50_f4_vacuum_cleaner_4-172736-A-36.wav,5.0
esc50_f4_vacuum_cleaner_4-172736-B-36.wav,vacuum_cleaner,other,0,validation,4,esc50_172736,dataset_multiclass_v4/validation/other/esc50_f4_vacuum_cleaner_4-172736-B-36.wav,5.0
esc50_f4_keyboard_typing_4-172742-A-32.wav,keyboard_typing,other,0,validation,4,esc50_172742,dataset_multiclass_v4/validation/other/esc50_f4_keyboard_typing_4-172742-A-32.wav,5.0
esc50_f4_water_drops_4-174797-A-15.wav,water_drops,other,0,validation,4,esc50_174797,dataset_multiclass_v4/validation/other/esc50_f4_water_drops_4-174797-A-15.wav,5.0
esc50_f4_can_opening_4-175025-A-34.wav,can_opening,other,0,validation,4,esc50_175025,dataset_multiclass_v4/validation/other/esc50_f4_can_opening_4-175025-A-34.wav,5.0
esc50_f4_clock_tick_4-175945-A-38.wav,clock_tick,other,0,validation,4,esc50_175945,dataset_multiclass_v4/validation/other/esc50_f4_clock_tick_4-175945-A-38.wav,5.0
esc50_f4_breathing_4-176914-A-23.wav,breathing,other,0,validation,4,esc50_176914,dataset_multiclass_v4/validation/other/esc50_f4_breathing_4-176914-A-23.wav,5.0
esc50_f4_keyboard_typing_4-177243-A-32.wav,keyboard_typing,other,0,validation,4,esc50_177243,dataset_multiclass_v4/validation/other/esc50_f4_keyboard_typing_4-177243-A-32.wav,5.0
esc50_f4_rain_4-177250-A-10.wav,rain,other,0,validation,4,esc50_177250,dataset_multiclass_v4/validation/other/esc50_f4_rain_4-177250-A-10.wav,5.0
esc50_f4_coughing_4-177835-A-24.wav,coughing,other,0,validation,4,esc50_177835,dataset_multiclass_v4/validation/other/esc50_f4_coughing_4-177835-A-24.wav,5.0
esc50_f4_train_4-178881-A-45.wav,train,other,0,validation,4,esc50_178881,dataset_multiclass_v4/validation/other/esc50_f4_train_4-178881-A-45.wav,5.0
esc50_f4_can_opening_4-179836-A-34.wav,can_opening,other,0,validation,4,esc50_179836,dataset_multiclass_v4/validation/other/esc50_f4_can_opening_4-179836-A-34.wav,5.0
esc50_f4_clock_tick_4-179984-A-38.wav,clock_tick,other,0,validation,4,esc50_179984,dataset_multiclass_v4/validation/other/esc50_f4_clock_tick_4-179984-A-38.wav,5.0
esc50_f4_rain_4-180380-A-10.wav,rain,other,0,validation,4,esc50_180380,dataset_multiclass_v4/validation/other/esc50_f4_rain_4-180380-A-10.wav,5.0
esc50_f4_clock_tick_4-181035-A-38.wav,clock_tick,other,0,validation,4,esc50_181035,dataset_multiclass_v4/validation/other/esc50_f4_clock_tick_4-181035-A-38.wav,5.0
esc50_f4_rain_4-181286-A-10.wav,rain,other,0,validation,4,esc50_181286,dataset_multiclass_v4/validation/other/esc50_f4_rain_4-181286-A-10.wav,5.0
esc50_f4_keyboard_typing_4-181707-A-32.wav,keyboard_typing,other,0,validation,4,esc50_181707,dataset_multiclass_v4/validation/other/esc50_f4_keyboard_typing_4-181707-A-32.wav,5.0
esc50_f4_keyboard_typing_4-181708-A-32.wav,keyboard_typing,other,0,validation,4,esc50_181708,dataset_multiclass_v4/validation/other/esc50_f4_keyboard_typing_4-181708-A-32.wav,5.0
esc50_f4_clock_tick_4-181865-A-38.wav,clock_tick,other,0,validation,4,esc50_181865,dataset_multiclass_v4/validation/other/esc50_f4_clock_tick_4-181865-A-38.wav,5.0
esc50_f4_vacuum_cleaner_4-181999-A-36.wav,vacuum_cleaner,other,0,validation,4,esc50_181999,dataset_multiclass_v4/validation/other/esc50_f4_vacuum_cleaner_4-181999-A-36.wav,5.0
esc50_f4_door_wood_knock_4-182034-A-30.wav,door_wood_knock,knock,3,validation,4,esc50_182034,dataset_multiclass_v4/validation/knock/esc50_f4_door_wood_knock_4-182034-A-30.wav,5.0
esc50_f4_door_wood_knock_4-182039-A-30.wav,door_wood_knock,knock,3,validation,4,esc50_182039,dataset_multiclass_v4/validation/knock/esc50_f4_door_wood_knock_4-182039-A-30.wav,5.0
esc50_f4_door_wood_knock_4-182041-A-30.wav,door_wood_knock,knock,3,validation,4,esc50_182041,dataset_multiclass_v4/validation/knock/esc50_f4_door_wood_knock_4-182041-A-30.wav,5.0
esc50_f4_chirping_birds_4-182795-A-14.wav,chirping_birds,other,0,validation,4,esc50_182795,dataset_multiclass_v4/validation/other/esc50_f4_chirping_birds_4-182795-A-14.wav,5.0
esc50_f4_crying_baby_4-185575-A-20.wav,crying_baby,other,0,validation,4,esc50_185575,dataset_multiclass_v4/validation/other/esc50_f4_crying_baby_4-185575-A-20.wav,5.0
esc50_f4_crying_baby_4-185575-B-20.wav,crying_baby,other,0,validation,4,esc50_185575,dataset_multiclass_v4/validation/other/esc50_f4_crying_baby_4-185575-B-20.wav,5.0
esc50_f4_crying_baby_4-185575-C-20.wav,crying_baby,other,0,validation,4,esc50_185575,dataset_multiclass_v4/validation/other/esc50_f4_crying_baby_4-185575-C-20.wav,5.0
esc50_f4_keyboard_typing_4-185613-A-32.wav,keyboard_typing,other,0,validation,4,esc50_185613,dataset_multiclass_v4/validation/other/esc50_f4_keyboard_typing_4-185613-A-32.wav,5.0
esc50_f4_door_wood_knock_4-186518-A-30.wav,door_wood_knock,knock,3,validation,4,esc50_186518,dataset_multiclass_v4/validation/knock/esc50_f4_door_wood_knock_4-186518-A-30.wav,5.0
esc50_f4_engine_4-186935-A-44.wav,engine,other,0,validation,4,esc50_186935,dataset_multiclass_v4/validation/other/esc50_f4_engine_4-186935-A-44.wav,5.0
esc50_f4_engine_4-186936-A-44.wav,engine,other,0,validation,4,esc50_186936,dataset_multiclass_v4/validation/other/esc50_f4_engine_4-186936-A-44.wav,5.0
esc50_f4_engine_4-186938-A-44.wav,engine,other,0,validation,4,esc50_186938,dataset_multiclass_v4/validation/other/esc50_f4_engine_4-186938-A-44.wav,5.0
esc50_f4_engine_4-186940-A-44.wav,engine,other,0,validation,4,esc50_186940,dataset_multiclass_v4/validation/other/esc50_f4_engine_4-186940-A-44.wav,5.0
esc50_f4_engine_4-186962-A-44.wav,engine,other,0,validation,4,esc50_186962,dataset_multiclass_v4/validation/other/esc50_f4_engine_4-186962-A-44.wav,5.0
esc50_f4_door_wood_knock_4-187284-A-30.wav,door_wood_knock,knock,3,validation,4,esc50_187284,dataset_multiclass_v4/validation/knock/esc50_f4_door_wood_knock_4-187284-A-30.wav,5.0
esc50_f4_can_opening_4-187384-A-34.wav,can_opening,other,0,validation,4,esc50_187384,dataset_multiclass_v4/validation/other/esc50_f4_can_opening_4-187384-A-34.wav,5.0
esc50_f4_chirping_birds_4-187769-A-14.wav,chirping_birds,other,0,validation,4,esc50_187769,dataset_multiclass_v4/validation/other/esc50_f4_chirping_birds_4-187769-A-14.wav,5.0
esc50_f4_chirping_birds_4-187769-B-14.wav,chirping_birds,other,0,validation,4,esc50_187769,dataset_multiclass_v4/validation/other/esc50_f4_chirping_birds_4-187769-B-14.wav,5.0
esc50_f4_can_opening_4-188003-A-34.wav,can_opening,other,0,validation,4,esc50_188003,dataset_multiclass_v4/validation/other/esc50_f4_can_opening_4-188003-A-34.wav,5.0
esc50_f4_clock_tick_4-188033-A-38.wav,clock_tick,other,0,validation,4,esc50_188033,dataset_multiclass_v4/validation/other/esc50_f4_clock_tick_4-188033-A-38.wav,5.0
esc50_f4_water_drops_4-188293-A-15.wav,water_drops,other,0,validation,4,esc50_188293,dataset_multiclass_v4/validation/other/esc50_f4_water_drops_4-188293-A-15.wav,5.0
esc50_f4_water_drops_4-188293-B-15.wav,water_drops,other,0,validation,4,esc50_188293,dataset_multiclass_v4/validation/other/esc50_f4_water_drops_4-188293-B-15.wav,5.0
esc50_f4_door_wood_knock_4-188878-A-30.wav,door_wood_knock,knock,3,validation,4,esc50_188878,dataset_multiclass_v4/validation/knock/esc50_f4_door_wood_knock_4-188878-A-30.wav,5.0
esc50_f4_clapping_4-189828-A-22.wav,clapping,clap,2,validation,4,esc50_189828,dataset_multiclass_v4/validation/clap/esc50_f4_clapping_4-189828-A-22.wav,5.0
esc50_f4_clapping_4-189830-A-22.wav,clapping,clap,2,validation,4,esc50_189830,dataset_multiclass_v4/validation/clap/esc50_f4_clapping_4-189830-A-22.wav,5.0
esc50_f4_clapping_4-189832-A-22.wav,clapping,clap,2,validation,4,esc50_189832,dataset_multiclass_v4/validation/clap/esc50_f4_clapping_4-189832-A-22.wav,5.0
esc50_f4_clapping_4-189832-B-22.wav,clapping,clap,2,validation,4,esc50_189832,dataset_multiclass_v4/validation/clap/esc50_f4_clapping_4-189832-B-22.wav,5.0
esc50_f4_clapping_4-189833-A-22.wav,clapping,clap,2,validation,4,esc50_189833,dataset_multiclass_v4/validation/clap/esc50_f4_clapping_4-189833-A-22.wav,5.0
esc50_f4_clapping_4-189836-A-22.wav,clapping,clap,2,validation,4,esc50_189836,dataset_multiclass_v4/validation/clap/esc50_f4_clapping_4-189836-A-22.wav,5.0
esc50_f4_clapping_4-189838-A-22.wav,clapping,clap,2,validation,4,esc50_189838,dataset_multiclass_v4/validation/clap/esc50_f4_clapping_4-189838-A-22.wav,5.0
esc50_f4_clock_tick_4-191327-A-38.wav,clock_tick,other,0,validation,4,esc50_191327,dataset_multiclass_v4/validation/other/esc50_f4_clock_tick_4-191327-A-38.wav,5.0
esc50_f4_mouse_click_4-192068-A-31.wav,mouse_click,other,0,validation,4,esc50_192068,dataset_multiclass_v4/validation/other/esc50_f4_mouse_click_4-192068-A-31.wav,5.0
esc50_f4_vacuum_cleaner_4-194680-A-36.wav,vacuum_cleaner,other,0,validation,4,esc50_194680,dataset_multiclass_v4/validation/other/esc50_f4_vacuum_cleaner_4-194680-A-36.wav,5.0
esc50_f4_clock_tick_4-194711-A-38.wav,clock_tick,other,0,validation,4,esc50_194711,dataset_multiclass_v4/validation/other/esc50_f4_clock_tick_4-194711-A-38.wav,5.0
esc50_f4_footsteps_4-194979-A-25.wav,footsteps,footstep,1,validation,4,esc50_194979,dataset_multiclass_v4/validation/footstep/esc50_f4_footsteps_4-194979-A-25.wav,5.0
esc50_f4_footsteps_4-194981-A-25.wav,footsteps,footstep,1,validation,4,esc50_194981,dataset_multiclass_v4/validation/footstep/esc50_f4_footsteps_4-194981-A-25.wav,5.0
esc50_f4_mouse_click_4-195305-A-31.wav,mouse_click,other,0,validation,4,esc50_195305,dataset_multiclass_v4/validation/other/esc50_f4_mouse_click_4-195305-A-31.wav,5.0
esc50_f4_engine_4-195451-A-44.wav,engine,other,0,validation,4,esc50_195451,dataset_multiclass_v4/validation/other/esc50_f4_engine_4-195451-A-44.wav,5.0
esc50_f4_water_drops_4-197871-A-15.wav,water_drops,other,0,validation,4,esc50_197871,dataset_multiclass_v4/validation/other/esc50_f4_water_drops_4-197871-A-15.wav,5.0
esc50_f4_breathing_4-198025-A-23.wav,breathing,other,0,validation,4,esc50_198025,dataset_multiclass_v4/validation/other/esc50_f4_breathing_4-198025-A-23.wav,5.0
esc50_f4_footsteps_4-198962-A-25.wav,footsteps,footstep,1,validation,4,esc50_198962,dataset_multiclass_v4/validation/footstep/esc50_f4_footsteps_4-198962-A-25.wav,5.0
esc50_f4_footsteps_4-198962-B-25.wav,footsteps,footstep,1,validation,4,esc50_198962,dataset_multiclass_v4/validation/footstep/esc50_f4_footsteps_4-198962-B-25.wav,5.0
esc50_f4_clock_tick_4-198965-A-38.wav,clock_tick,other,0,validation,4,esc50_198965,dataset_multiclass_v4/validation/other/esc50_f4_clock_tick_4-198965-A-38.wav,5.0
esc50_f4_mouse_click_4-201300-A-31.wav,mouse_click,other,0,validation,4,esc50_201300,dataset_multiclass_v4/validation/other/esc50_f4_mouse_click_4-201300-A-31.wav,5.0
esc50_f4_mouse_click_4-201800-A-31.wav,mouse_click,other,0,validation,4,esc50_201800,dataset_multiclass_v4/validation/other/esc50_f4_mouse_click_4-201800-A-31.wav,5.0
esc50_f4_engine_4-201988-A-44.wav,engine,other,0,validation,4,esc50_201988,dataset_multiclass_v4/validation/other/esc50_f4_engine_4-201988-A-44.wav,5.0
esc50_f4_mouse_click_4-202298-A-31.wav,mouse_click,other,0,validation,4,esc50_202298,dataset_multiclass_v4/validation/other/esc50_f4_mouse_click_4-202298-A-31.wav,5.0
esc50_f4_glass_breaking_4-204115-A-39.wav,glass_breaking,other,0,validation,4,esc50_204115,dataset_multiclass_v4/validation/other/esc50_f4_glass_breaking_4-204115-A-39.wav,5.0
esc50_f4_glass_breaking_4-204119-A-39.wav,glass_breaking,other,0,validation,4,esc50_204119,dataset_multiclass_v4/validation/other/esc50_f4_glass_breaking_4-204119-A-39.wav,5.0
esc50_f4_glass_breaking_4-204121-A-39.wav,glass_breaking,other,0,validation,4,esc50_204121,dataset_multiclass_v4/validation/other/esc50_f4_glass_breaking_4-204121-A-39.wav,5.0
esc50_f4_glass_breaking_4-204123-A-39.wav,glass_breaking,other,0,validation,4,esc50_204123,dataset_multiclass_v4/validation/other/esc50_f4_glass_breaking_4-204123-A-39.wav,5.0
esc50_f4_mouse_click_4-204612-A-31.wav,mouse_click,other,0,validation,4,esc50_204612,dataset_multiclass_v4/validation/other/esc50_f4_mouse_click_4-204612-A-31.wav,5.0
esc50_f4_mouse_click_4-204683-A-31.wav,mouse_click,other,0,validation,4,esc50_204683,dataset_multiclass_v4/validation/other/esc50_f4_mouse_click_4-204683-A-31.wav,5.0
esc50_f4_glass_breaking_4-204777-A-39.wav,glass_breaking,other,0,validation,4,esc50_204777,dataset_multiclass_v4/validation/other/esc50_f4_glass_breaking_4-204777-A-39.wav,5.0
esc50_f4_glass_breaking_4-204777-B-39.wav,glass_breaking,other,0,validation,4,esc50_204777,dataset_multiclass_v4/validation/other/esc50_f4_glass_breaking_4-204777-B-39.wav,5.0
esc50_f4_glass_breaking_4-204777-C-39.wav,glass_breaking,other,0,validation,4,esc50_204777,dataset_multiclass_v4/validation/other/esc50_f4_glass_breaking_4-204777-C-39.wav,5.0
esc50_f4_breathing_4-205526-A-23.wav,breathing,other,0,validation,4,esc50_205526,dataset_multiclass_v4/validation/other/esc50_f4_breathing_4-205526-A-23.wav,5.0
esc50_f4_breathing_4-205526-B-23.wav,breathing,other,0,validation,4,esc50_205526,dataset_multiclass_v4/validation/other/esc50_f4_breathing_4-205526-B-23.wav,5.0
esc50_f4_clapping_4-205738-A-22.wav,clapping,clap,2,validation,4,esc50_205738,dataset_multiclass_v4/validation/clap/esc50_f4_clapping_4-205738-A-22.wav,5.0
esc50_f4_breathing_4-207116-A-23.wav,breathing,other,0,validation,4,esc50_207116,dataset_multiclass_v4/validation/other/esc50_f4_breathing_4-207116-A-23.wav,5.0
esc50_f4_breathing_4-210000-A-23.wav,breathing,other,0,validation,4,esc50_210000,dataset_multiclass_v4/validation/other/esc50_f4_breathing_4-210000-A-23.wav,5.0
esc50_f4_breathing_4-210000-B-23.wav,breathing,other,0,validation,4,esc50_210000,dataset_multiclass_v4/validation/other/esc50_f4_breathing_4-210000-B-23.wav,5.0
esc50_f4_mouse_click_4-210309-A-31.wav,mouse_click,other,0,validation,4,esc50_210309,dataset_multiclass_v4/validation/other/esc50_f4_mouse_click_4-210309-A-31.wav,5.0
esc50_f4_door_wood_knock_4-211502-A-30.wav,door_wood_knock,knock,3,validation,4,esc50_211502,dataset_multiclass_v4/validation/knock/esc50_f4_door_wood_knock_4-211502-A-30.wav,5.0
esc50_f4_water_drops_4-212604-A-15.wav,water_drops,other,0,validation,4,esc50_212604,dataset_multiclass_v4/validation/other/esc50_f4_water_drops_4-212604-A-15.wav,5.0
esc50_f4_water_drops_4-212604-B-15.wav,water_drops,other,0,validation,4,esc50_212604,dataset_multiclass_v4/validation/other/esc50_f4_water_drops_4-212604-B-15.wav,5.0
esc50_f4_water_drops_4-212604-C-15.wav,water_drops,other,0,validation,4,esc50_212604,dataset_multiclass_v4/validation/other/esc50_f4_water_drops_4-212604-C-15.wav,5.0
esc50_f4_glass_breaking_4-212698-A-39.wav,glass_breaking,other,0,validation,4,esc50_212698,dataset_multiclass_v4/validation/other/esc50_f4_glass_breaking_4-212698-A-39.wav,5.0
esc50_f4_can_opening_4-212728-A-34.wav,can_opening,other,0,validation,4,esc50_212728,dataset_multiclass_v4/validation/other/esc50_f4_can_opening_4-212728-A-34.wav,5.0
esc50_f4_can_opening_4-215635-A-34.wav,can_opening,other,0,validation,4,esc50_215635,dataset_multiclass_v4/validation/other/esc50_f4_can_opening_4-215635-A-34.wav,5.0
esc50_f4_chirping_birds_4-216211-A-14.wav,chirping_birds,other,0,validation,4,esc50_216211,dataset_multiclass_v4/validation/other/esc50_f4_chirping_birds_4-216211-A-14.wav,5.0
esc50_f4_can_opening_4-216349-A-34.wav,can_opening,other,0,validation,4,esc50_216349,dataset_multiclass_v4/validation/other/esc50_f4_can_opening_4-216349-A-34.wav,5.0
esc50_f4_footsteps_4-218304-A-25.wav,footsteps,footstep,1,validation,4,esc50_218304,dataset_multiclass_v4/validation/footstep/esc50_f4_footsteps_4-218304-A-25.wav,5.0
esc50_f4_footsteps_4-218304-B-25.wav,footsteps,footstep,1,validation,4,esc50_218304,dataset_multiclass_v4/validation/footstep/esc50_f4_footsteps_4-218304-B-25.wav,5.0
esc50_f4_chirping_birds_4-223125-A-14.wav,chirping_birds,other,0,validation,4,esc50_223125,dataset_multiclass_v4/validation/other/esc50_f4_chirping_birds_4-223125-A-14.wav,5.0
esc50_f4_chirping_birds_4-223127-A-14.wav,chirping_birds,other,0,validation,4,esc50_223127,dataset_multiclass_v4/validation/other/esc50_f4_chirping_birds_4-223127-A-14.wav,5.0
esc50_f4_door_wood_knock_4-261068-A-30.wav,door_wood_knock,knock,3,validation,4,esc50_261068,dataset_multiclass_v4/validation/knock/esc50_f4_door_wood_knock_4-261068-A-30.wav,5.0
esc50_f4_can_opening_4-264453-A-34.wav,can_opening,other,0,validation,4,esc50_264453,dataset_multiclass_v4/validation/other/esc50_f4_can_opening_4-264453-A-34.wav,5.0
esc50_f4_crying_baby_4-59579-A-20.wav,crying_baby,other,0,validation,4,esc50_59579,dataset_multiclass_v4/validation/other/esc50_f4_crying_baby_4-59579-A-20.wav,5.0
esc50_f4_crying_baby_4-59579-B-20.wav,crying_baby,other,0,validation,4,esc50_59579,dataset_multiclass_v4/validation/other/esc50_f4_crying_baby_4-59579-B-20.wav,5.0
esc50_f5_wind_5-117773-A-16.wav,wind,other,0,test,5,esc50_117773,dataset_multiclass_v4/test/other/esc50_f5_wind_5-117773-A-16.wav,5.0
esc50_f5_crying_baby_5-151085-A-20.wav,crying_baby,other,0,test,5,esc50_151085,dataset_multiclass_v4/test/other/esc50_f5_crying_baby_5-151085-A-20.wav,5.0
esc50_f5_toilet_flush_5-156698-A-18.wav,toilet_flush,other,0,test,5,esc50_156698,dataset_multiclass_v4/test/other/esc50_f5_toilet_flush_5-156698-A-18.wav,5.0
esc50_f5_wind_5-157204-A-16.wav,wind,other,0,test,5,esc50_157204,dataset_multiclass_v4/test/other/esc50_f5_wind_5-157204-A-16.wav,5.0
esc50_f5_wind_5-157204-B-16.wav,wind,other,0,test,5,esc50_157204,dataset_multiclass_v4/test/other/esc50_f5_wind_5-157204-B-16.wav,5.0
esc50_f5_door_wood_creaks_5-161270-A-33.wav,door_wood_creaks,other,0,test,5,esc50_161270,dataset_multiclass_v4/test/other/esc50_f5_door_wood_creaks_5-161270-A-33.wav,5.0
esc50_f5_door_wood_creaks_5-161270-B-33.wav,door_wood_creaks,other,0,test,5,esc50_161270,dataset_multiclass_v4/test/other/esc50_f5_door_wood_creaks_5-161270-B-33.wav,5.0
esc50_f5_door_wood_creaks_5-173568-A-33.wav,door_wood_creaks,other,0,test,5,esc50_173568,dataset_multiclass_v4/test/other/esc50_f5_door_wood_creaks_5-173568-A-33.wav,5.0
esc50_f5_toilet_flush_5-177034-A-18.wav,toilet_flush,other,0,test,5,esc50_177034,dataset_multiclass_v4/test/other/esc50_f5_toilet_flush_5-177034-A-18.wav,5.0
esc50_f5_door_wood_creaks_5-177779-A-33.wav,door_wood_creaks,other,0,test,5,esc50_177779,dataset_multiclass_v4/test/other/esc50_f5_door_wood_creaks_5-177779-A-33.wav,5.0
esc50_f5_coughing_5-178997-A-24.wav,coughing,other,0,test,5,esc50_178997,dataset_multiclass_v4/test/other/esc50_f5_coughing_5-178997-A-24.wav,5.0
esc50_f5_wind_5-179496-A-16.wav,wind,other,0,test,5,esc50_179496,dataset_multiclass_v4/test/other/esc50_f5_wind_5-179496-A-16.wav,5.0
esc50_f5_wind_5-179496-B-16.wav,wind,other,0,test,5,esc50_179496,dataset_multiclass_v4/test/other/esc50_f5_wind_5-179496-B-16.wav,5.0
esc50_f5_door_wood_creaks_5-181458-A-33.wav,door_wood_creaks,other,0,test,5,esc50_181458,dataset_multiclass_v4/test/other/esc50_f5_door_wood_creaks_5-181458-A-33.wav,5.0
esc50_f5_rain_5-181766-A-10.wav,rain,other,0,test,5,esc50_181766,dataset_multiclass_v4/test/other/esc50_f5_rain_5-181766-A-10.wav,5.0
esc50_f5_vacuum_cleaner_5-182007-A-36.wav,vacuum_cleaner,other,0,test,5,esc50_182007,dataset_multiclass_v4/test/other/esc50_f5_vacuum_cleaner_5-182007-A-36.wav,5.0
esc50_f5_vacuum_cleaner_5-182010-A-36.wav,vacuum_cleaner,other,0,test,5,esc50_182010,dataset_multiclass_v4/test/other/esc50_f5_vacuum_cleaner_5-182010-A-36.wav,5.0
esc50_f5_vacuum_cleaner_5-182012-A-36.wav,vacuum_cleaner,other,0,test,5,esc50_182012,dataset_multiclass_v4/test/other/esc50_f5_vacuum_cleaner_5-182012-A-36.wav,5.0
esc50_f5_toilet_flush_5-182404-A-18.wav,toilet_flush,other,0,test,5,esc50_182404,dataset_multiclass_v4/test/other/esc50_f5_toilet_flush_5-182404-A-18.wav,5.0
esc50_f5_coughing_5-184871-A-24.wav,coughing,other,0,test,5,esc50_184871,dataset_multiclass_v4/test/other/esc50_f5_coughing_5-184871-A-24.wav,5.0
esc50_f5_toilet_flush_5-185908-A-18.wav,toilet_flush,other,0,test,5,esc50_185908,dataset_multiclass_v4/test/other/esc50_f5_toilet_flush_5-185908-A-18.wav,5.0
esc50_f5_door_wood_creaks_5-187444-A-33.wav,door_wood_creaks,other,0,test,5,esc50_187444,dataset_multiclass_v4/test/other/esc50_f5_door_wood_creaks_5-187444-A-33.wav,5.0
esc50_f5_vacuum_cleaner_5-188365-A-36.wav,vacuum_cleaner,other,0,test,5,esc50_188365,dataset_multiclass_v4/test/other/esc50_f5_vacuum_cleaner_5-188365-A-36.wav,5.0
esc50_f5_door_wood_creaks_5-188606-A-33.wav,door_wood_creaks,other,0,test,5,esc50_188606,dataset_multiclass_v4/test/other/esc50_f5_door_wood_creaks_5-188606-A-33.wav,5.0
esc50_f5_rain_5-188655-A-10.wav,rain,other,0,test,5,esc50_188655,dataset_multiclass_v4/test/other/esc50_f5_rain_5-188655-A-10.wav,5.0
esc50_f5_train_5-188796-A-45.wav,train,other,0,test,5,esc50_188796,dataset_multiclass_v4/test/other/esc50_f5_train_5-188796-A-45.wav,5.0
esc50_f5_train_5-188945-A-45.wav,train,other,0,test,5,esc50_188945,dataset_multiclass_v4/test/other/esc50_f5_train_5-188945-A-45.wav,5.0
esc50_f5_door_wood_creaks_5-191497-A-33.wav,door_wood_creaks,other,0,test,5,esc50_191497,dataset_multiclass_v4/test/other/esc50_f5_door_wood_creaks_5-191497-A-33.wav,5.0
esc50_f5_rain_5-193339-A-10.wav,rain,other,0,test,5,esc50_193339,dataset_multiclass_v4/test/other/esc50_f5_rain_5-193339-A-10.wav,5.0
esc50_f5_rain_5-194892-A-10.wav,rain,other,0,test,5,esc50_194892,dataset_multiclass_v4/test/other/esc50_f5_rain_5-194892-A-10.wav,5.0
esc50_f5_rain_5-195710-A-10.wav,rain,other,0,test,5,esc50_195710,dataset_multiclass_v4/test/other/esc50_f5_rain_5-195710-A-10.wav,5.0
esc50_f5_train_5-197118-A-45.wav,train,other,0,test,5,esc50_197118,dataset_multiclass_v4/test/other/esc50_f5_train_5-197118-A-45.wav,5.0
esc50_f5_train_5-197121-A-45.wav,train,other,0,test,5,esc50_197121,dataset_multiclass_v4/test/other/esc50_f5_train_5-197121-A-45.wav,5.0
esc50_f5_train_5-197121-B-45.wav,train,other,0,test,5,esc50_197121,dataset_multiclass_v4/test/other/esc50_f5_train_5-197121-B-45.wav,5.0
esc50_f5_toilet_flush_5-197913-A-18.wav,toilet_flush,other,0,test,5,esc50_197913,dataset_multiclass_v4/test/other/esc50_f5_toilet_flush_5-197913-A-18.wav,5.0
esc50_f5_rain_5-198321-A-10.wav,rain,other,0,test,5,esc50_198321,dataset_multiclass_v4/test/other/esc50_f5_rain_5-198321-A-10.wav,5.0
esc50_f5_crying_baby_5-198411-A-20.wav,crying_baby,other,0,test,5,esc50_198411,dataset_multiclass_v4/test/other/esc50_f5_crying_baby_5-198411-A-20.wav,5.0
esc50_f5_crying_baby_5-198411-B-20.wav,crying_baby,other,0,test,5,esc50_198411,dataset_multiclass_v4/test/other/esc50_f5_crying_baby_5-198411-B-20.wav,5.0
esc50_f5_crying_baby_5-198411-C-20.wav,crying_baby,other,0,test,5,esc50_198411,dataset_multiclass_v4/test/other/esc50_f5_crying_baby_5-198411-C-20.wav,5.0
esc50_f5_crying_baby_5-198411-D-20.wav,crying_baby,other,0,test,5,esc50_198411,dataset_multiclass_v4/test/other/esc50_f5_crying_baby_5-198411-D-20.wav,5.0
esc50_f5_crying_baby_5-198411-E-20.wav,crying_baby,other,0,test,5,esc50_198411,dataset_multiclass_v4/test/other/esc50_f5_crying_baby_5-198411-E-20.wav,5.0
esc50_f5_crying_baby_5-198411-F-20.wav,crying_baby,other,0,test,5,esc50_198411,dataset_multiclass_v4/test/other/esc50_f5_crying_baby_5-198411-F-20.wav,5.0
esc50_f5_crying_baby_5-198411-G-20.wav,crying_baby,other,0,test,5,esc50_198411,dataset_multiclass_v4/test/other/esc50_f5_crying_baby_5-198411-G-20.wav,5.0
esc50_f5_train_5-198600-A-45.wav,train,other,0,test,5,esc50_198600,dataset_multiclass_v4/test/other/esc50_f5_train_5-198600-A-45.wav,5.0
esc50_f5_train_5-199284-A-45.wav,train,other,0,test,5,esc50_199284,dataset_multiclass_v4/test/other/esc50_f5_train_5-199284-A-45.wav,5.0
esc50_f5_train_5-199284-B-45.wav,train,other,0,test,5,esc50_199284,dataset_multiclass_v4/test/other/esc50_f5_train_5-199284-B-45.wav,5.0
esc50_f5_clock_tick_5-201194-A-38.wav,clock_tick,other,0,test,5,esc50_201194,dataset_multiclass_v4/test/other/esc50_f5_clock_tick_5-201194-A-38.wav,5.0
esc50_f5_toilet_flush_5-201664-A-18.wav,toilet_flush,other,0,test,5,esc50_201664,dataset_multiclass_v4/test/other/esc50_f5_toilet_flush_5-201664-A-18.wav,5.0
esc50_f5_toilet_flush_5-202020-A-18.wav,toilet_flush,other,0,test,5,esc50_202020,dataset_multiclass_v4/test/other/esc50_f5_toilet_flush_5-202020-A-18.wav,5.0
esc50_f5_toilet_flush_5-202540-A-18.wav,toilet_flush,other,0,test,5,esc50_202540,dataset_multiclass_v4/test/other/esc50_f5_toilet_flush_5-202540-A-18.wav,5.0
esc50_f5_rain_5-202898-A-10.wav,rain,other,0,test,5,esc50_202898,dataset_multiclass_v4/test/other/esc50_f5_rain_5-202898-A-10.wav,5.0
esc50_f5_rain_5-203739-A-10.wav,rain,other,0,test,5,esc50_203739,dataset_multiclass_v4/test/other/esc50_f5_rain_5-203739-A-10.wav,5.0
esc50_f5_coughing_5-204604-A-24.wav,coughing,other,0,test,5,esc50_204604,dataset_multiclass_v4/test/other/esc50_f5_coughing_5-204604-A-24.wav,5.0
esc50_f5_keyboard_typing_5-205090-A-32.wav,keyboard_typing,other,0,test,5,esc50_205090,dataset_multiclass_v4/test/other/esc50_f5_keyboard_typing_5-205090-A-32.wav,5.0
esc50_f5_coughing_5-207681-A-24.wav,coughing,other,0,test,5,esc50_207681,dataset_multiclass_v4/test/other/esc50_f5_coughing_5-207681-A-24.wav,5.0
esc50_f5_clock_tick_5-208624-A-38.wav,clock_tick,other,0,test,5,esc50_208624,dataset_multiclass_v4/test/other/esc50_f5_clock_tick_5-208624-A-38.wav,5.0
esc50_f5_coughing_5-208761-A-24.wav,coughing,other,0,test,5,esc50_208761,dataset_multiclass_v4/test/other/esc50_f5_coughing_5-208761-A-24.wav,5.0
esc50_f5_clock_tick_5-209698-A-38.wav,clock_tick,other,0,test,5,esc50_209698,dataset_multiclass_v4/test/other/esc50_f5_clock_tick_5-209698-A-38.wav,5.0
esc50_f5_coughing_5-209719-A-24.wav,coughing,other,0,test,5,esc50_209719,dataset_multiclass_v4/test/other/esc50_f5_coughing_5-209719-A-24.wav,5.0
esc50_f5_clock_tick_5-209833-A-38.wav,clock_tick,other,0,test,5,esc50_209833,dataset_multiclass_v4/test/other/esc50_f5_clock_tick_5-209833-A-38.wav,5.0
esc50_f5_clapping_5-209989-A-22.wav,clapping,clap,2,test,5,esc50_209989,dataset_multiclass_v4/test/clap/esc50_f5_clapping_5-209989-A-22.wav,5.0
esc50_f5_engine_5-209992-A-44.wav,engine,other,0,test,5,esc50_209992,dataset_multiclass_v4/test/other/esc50_f5_engine_5-209992-A-44.wav,5.0
esc50_f5_engine_5-209992-B-44.wav,engine,other,0,test,5,esc50_209992,dataset_multiclass_v4/test/other/esc50_f5_engine_5-209992-B-44.wav,5.0
esc50_f5_clock_tick_5-210571-A-38.wav,clock_tick,other,0,test,5,esc50_210571,dataset_multiclass_v4/test/other/esc50_f5_clock_tick_5-210571-A-38.wav,5.0
esc50_f5_coughing_5-211197-A-24.wav,coughing,other,0,test,5,esc50_211197,dataset_multiclass_v4/test/other/esc50_f5_coughing_5-211197-A-24.wav,5.0
esc50_f5_vacuum_cleaner_5-212054-A-36.wav,vacuum_cleaner,other,0,test,5,esc50_212054,dataset_multiclass_v4/test/other/esc50_f5_vacuum_cleaner_5-212054-A-36.wav,5.0
esc50_f5_vacuum_cleaner_5-212059-A-36.wav,vacuum_cleaner,other,0,test,5,esc50_212059,dataset_multiclass_v4/test/other/esc50_f5_vacuum_cleaner_5-212059-A-36.wav,5.0
esc50_f5_clock_tick_5-212181-A-38.wav,clock_tick,other,0,test,5,esc50_212181,dataset_multiclass_v4/test/other/esc50_f5_clock_tick_5-212181-A-38.wav,5.0
esc50_f5_breathing_5-213293-A-23.wav,breathing,other,0,test,5,esc50_213293,dataset_multiclass_v4/test/other/esc50_f5_breathing_5-213293-A-23.wav,5.0
esc50_f5_keyboard_typing_5-215005-A-32.wav,keyboard_typing,other,0,test,5,esc50_215005,dataset_multiclass_v4/test/other/esc50_f5_keyboard_typing_5-215005-A-32.wav,5.0
esc50_f5_keyboard_typing_5-216131-A-32.wav,keyboard_typing,other,0,test,5,esc50_216131,dataset_multiclass_v4/test/other/esc50_f5_keyboard_typing_5-216131-A-32.wav,5.0
esc50_f5_wind_5-217186-A-16.wav,wind,other,0,test,5,esc50_217186,dataset_multiclass_v4/test/other/esc50_f5_wind_5-217186-A-16.wav,5.0
esc50_f5_wind_5-217186-B-16.wav,wind,other,0,test,5,esc50_217186,dataset_multiclass_v4/test/other/esc50_f5_wind_5-217186-B-16.wav,5.0
esc50_f5_wind_5-217186-C-16.wav,wind,other,0,test,5,esc50_217186,dataset_multiclass_v4/test/other/esc50_f5_wind_5-217186-C-16.wav,5.0
esc50_f5_clapping_5-218494-A-22.wav,clapping,clap,2,test,5,esc50_218494,dataset_multiclass_v4/test/clap/esc50_f5_clapping_5-218494-A-22.wav,5.0
esc50_f5_door_wood_knock_5-218980-A-30.wav,door_wood_knock,knock,3,test,5,esc50_218980,dataset_multiclass_v4/test/knock/esc50_f5_door_wood_knock_5-218980-A-30.wav,5.0
esc50_f5_door_wood_knock_5-218981-A-30.wav,door_wood_knock,knock,3,test,5,esc50_218981,dataset_multiclass_v4/test/knock/esc50_f5_door_wood_knock_5-218981-A-30.wav,5.0
esc50_f5_mouse_click_5-219318-A-31.wav,mouse_click,other,0,test,5,esc50_219318,dataset_multiclass_v4/test/other/esc50_f5_mouse_click_5-219318-A-31.wav,5.0
esc50_f5_clock_tick_5-219342-A-38.wav,clock_tick,other,0,test,5,esc50_219342,dataset_multiclass_v4/test/other/esc50_f5_clock_tick_5-219342-A-38.wav,5.0
esc50_f5_glass_breaking_5-221528-A-39.wav,glass_breaking,other,0,test,5,esc50_221528,dataset_multiclass_v4/test/other/esc50_f5_glass_breaking_5-221528-A-39.wav,5.0
esc50_f5_glass_breaking_5-221529-A-39.wav,glass_breaking,other,0,test,5,esc50_221529,dataset_multiclass_v4/test/other/esc50_f5_glass_breaking_5-221529-A-39.wav,5.0
esc50_f5_clapping_5-221567-A-22.wav,clapping,clap,2,test,5,esc50_221567,dataset_multiclass_v4/test/clap/esc50_f5_clapping_5-221567-A-22.wav,5.0
esc50_f5_clapping_5-221568-A-22.wav,clapping,clap,2,test,5,esc50_221568,dataset_multiclass_v4/test/clap/esc50_f5_clapping_5-221568-A-22.wav,5.0
esc50_f5_can_opening_5-221878-A-34.wav,can_opening,other,0,test,5,esc50_221878,dataset_multiclass_v4/test/other/esc50_f5_can_opening_5-221878-A-34.wav,5.0
esc50_f5_clapping_5-221950-A-22.wav,clapping,clap,2,test,5,esc50_221950,dataset_multiclass_v4/test/clap/esc50_f5_clapping_5-221950-A-22.wav,5.0
esc50_f5_keyboard_typing_5-222894-A-32.wav,keyboard_typing,other,0,test,5,esc50_222894,dataset_multiclass_v4/test/other/esc50_f5_keyboard_typing_5-222894-A-32.wav,5.0
esc50_f5_keyboard_typing_5-223099-A-32.wav,keyboard_typing,other,0,test,5,esc50_223099,dataset_multiclass_v4/test/other/esc50_f5_keyboard_typing_5-223099-A-32.wav,5.0
esc50_f5_keyboard_typing_5-223099-B-32.wav,keyboard_typing,other,0,test,5,esc50_223099,dataset_multiclass_v4/test/other/esc50_f5_keyboard_typing_5-223099-B-32.wav,5.0
esc50_f5_mouse_click_5-223103-A-31.wav,mouse_click,other,0,test,5,esc50_223103,dataset_multiclass_v4/test/other/esc50_f5_mouse_click_5-223103-A-31.wav,5.0
esc50_f5_mouse_click_5-223317-A-31.wav,mouse_click,other,0,test,5,esc50_223317,dataset_multiclass_v4/test/other/esc50_f5_mouse_click_5-223317-A-31.wav,5.0
esc50_f5_vacuum_cleaner_5-231551-A-36.wav,vacuum_cleaner,other,0,test,5,esc50_231551,dataset_multiclass_v4/test/other/esc50_f5_vacuum_cleaner_5-231551-A-36.wav,5.0
esc50_f5_engine_5-232272-A-44.wav,engine,other,0,test,5,esc50_232272,dataset_multiclass_v4/test/other/esc50_f5_engine_5-232272-A-44.wav,5.0
esc50_f5_mouse_click_5-232802-A-31.wav,mouse_click,other,0,test,5,esc50_232802,dataset_multiclass_v4/test/other/esc50_f5_mouse_click_5-232802-A-31.wav,5.0
esc50_f5_breathing_5-232816-A-23.wav,breathing,other,0,test,5,esc50_232816,dataset_multiclass_v4/test/other/esc50_f5_breathing_5-232816-A-23.wav,5.0
esc50_f5_mouse_click_5-233019-A-31.wav,mouse_click,other,0,test,5,esc50_233019,dataset_multiclass_v4/test/other/esc50_f5_mouse_click_5-233019-A-31.wav,5.0
esc50_f5_breathing_5-233260-A-23.wav,breathing,other,0,test,5,esc50_233260,dataset_multiclass_v4/test/other/esc50_f5_breathing_5-233260-A-23.wav,5.0
esc50_f5_glass_breaking_5-233605-A-39.wav,glass_breaking,other,0,test,5,esc50_233605,dataset_multiclass_v4/test/other/esc50_f5_glass_breaking_5-233605-A-39.wav,5.0
esc50_f5_glass_breaking_5-233607-A-39.wav,glass_breaking,other,0,test,5,esc50_233607,dataset_multiclass_v4/test/other/esc50_f5_glass_breaking_5-233607-A-39.wav,5.0
esc50_f5_footsteps_5-234263-A-25.wav,footsteps,footstep,1,test,5,esc50_234263,dataset_multiclass_v4/test/footstep/esc50_f5_footsteps_5-234263-A-25.wav,5.0
esc50_f5_breathing_5-234335-A-23.wav,breathing,other,0,test,5,esc50_234335,dataset_multiclass_v4/test/other/esc50_f5_breathing_5-234335-A-23.wav,5.0
esc50_f5_footsteps_5-234855-A-25.wav,footsteps,footstep,1,test,5,esc50_234855,dataset_multiclass_v4/test/footstep/esc50_f5_footsteps_5-234855-A-25.wav,5.0
esc50_f5_keyboard_typing_5-234923-A-32.wav,keyboard_typing,other,0,test,5,esc50_234923,dataset_multiclass_v4/test/other/esc50_f5_keyboard_typing_5-234923-A-32.wav,5.0
esc50_f5_engine_5-235507-A-44.wav,engine,other,0,test,5,esc50_235507,dataset_multiclass_v4/test/other/esc50_f5_engine_5-235507-A-44.wav,5.0
esc50_f5_breathing_5-235593-A-23.wav,breathing,other,0,test,5,esc50_235593,dataset_multiclass_v4/test/other/esc50_f5_breathing_5-235593-A-23.wav,5.0
esc50_f5_door_wood_knock_5-235644-A-30.wav,door_wood_knock,knock,3,test,5,esc50_235644,dataset_multiclass_v4/test/knock/esc50_f5_door_wood_knock_5-235644-A-30.wav,5.0
esc50_f5_clock_tick_5-235671-A-38.wav,clock_tick,other,0,test,5,esc50_235671,dataset_multiclass_v4/test/other/esc50_f5_clock_tick_5-235671-A-38.wav,5.0
esc50_f5_can_opening_5-236299-A-34.wav,can_opening,other,0,test,5,esc50_236299,dataset_multiclass_v4/test/other/esc50_f5_can_opening_5-236299-A-34.wav,5.0
esc50_f5_mouse_click_5-237315-A-31.wav,mouse_click,other,0,test,5,esc50_237315,dataset_multiclass_v4/test/other/esc50_f5_mouse_click_5-237315-A-31.wav,5.0
esc50_f5_can_opening_5-237795-A-34.wav,can_opening,other,0,test,5,esc50_237795,dataset_multiclass_v4/test/other/esc50_f5_can_opening_5-237795-A-34.wav,5.0
esc50_f5_breathing_5-238492-A-23.wav,breathing,other,0,test,5,esc50_238492,dataset_multiclass_v4/test/other/esc50_f5_breathing_5-238492-A-23.wav,5.0
esc50_f5_mouse_click_5-238926-A-31.wav,mouse_click,other,0,test,5,esc50_238926,dataset_multiclass_v4/test/other/esc50_f5_mouse_click_5-238926-A-31.wav,5.0
esc50_f5_engine_5-240671-A-44.wav,engine,other,0,test,5,esc50_240671,dataset_multiclass_v4/test/other/esc50_f5_engine_5-240671-A-44.wav,5.0
esc50_f5_water_drops_5-241846-A-15.wav,water_drops,other,0,test,5,esc50_241846,dataset_multiclass_v4/test/other/esc50_f5_water_drops_5-241846-A-15.wav,5.0
esc50_f5_chirping_birds_5-242490-A-14.wav,chirping_birds,other,0,test,5,esc50_242490,dataset_multiclass_v4/test/other/esc50_f5_chirping_birds_5-242490-A-14.wav,5.0
esc50_f5_chirping_birds_5-242491-A-14.wav,chirping_birds,other,0,test,5,esc50_242491,dataset_multiclass_v4/test/other/esc50_f5_chirping_birds_5-242491-A-14.wav,5.0
esc50_f5_footsteps_5-243025-A-25.wav,footsteps,footstep,1,test,5,esc50_243025,dataset_multiclass_v4/test/footstep/esc50_f5_footsteps_5-243025-A-25.wav,5.0
esc50_f5_chirping_birds_5-243448-A-14.wav,chirping_birds,other,0,test,5,esc50_243448,dataset_multiclass_v4/test/other/esc50_f5_chirping_birds_5-243448-A-14.wav,5.0
esc50_f5_chirping_birds_5-243449-A-14.wav,chirping_birds,other,0,test,5,esc50_243449,dataset_multiclass_v4/test/other/esc50_f5_chirping_birds_5-243449-A-14.wav,5.0
esc50_f5_chirping_birds_5-243450-A-14.wav,chirping_birds,other,0,test,5,esc50_243450,dataset_multiclass_v4/test/other/esc50_f5_chirping_birds_5-243450-A-14.wav,5.0
esc50_f5_chirping_birds_5-243459-A-14.wav,chirping_birds,other,0,test,5,esc50_243459,dataset_multiclass_v4/test/other/esc50_f5_chirping_birds_5-243459-A-14.wav,5.0
esc50_f5_chirping_birds_5-243459-B-14.wav,chirping_birds,other,0,test,5,esc50_243459,dataset_multiclass_v4/test/other/esc50_f5_chirping_birds_5-243459-B-14.wav,5.0
esc50_f5_engine_5-243773-A-44.wav,engine,other,0,test,5,esc50_243773,dataset_multiclass_v4/test/other/esc50_f5_engine_5-243773-A-44.wav,5.0
esc50_f5_engine_5-243773-B-44.wav,engine,other,0,test,5,esc50_243773,dataset_multiclass_v4/test/other/esc50_f5_engine_5-243773-B-44.wav,5.0
esc50_f5_engine_5-243783-A-44.wav,engine,other,0,test,5,esc50_243783,dataset_multiclass_v4/test/other/esc50_f5_engine_5-243783-A-44.wav,5.0
esc50_f5_keyboard_typing_5-244178-A-32.wav,keyboard_typing,other,0,test,5,esc50_244178,dataset_multiclass_v4/test/other/esc50_f5_keyboard_typing_5-244178-A-32.wav,5.0
esc50_f5_footsteps_5-244310-A-25.wav,footsteps,footstep,1,test,5,esc50_244310,dataset_multiclass_v4/test/footstep/esc50_f5_footsteps_5-244310-A-25.wav,5.0
esc50_f5_can_opening_5-244327-A-34.wav,can_opening,other,0,test,5,esc50_244327,dataset_multiclass_v4/test/other/esc50_f5_can_opening_5-244327-A-34.wav,5.0
esc50_f5_mouse_click_5-244651-A-31.wav,mouse_click,other,0,test,5,esc50_244651,dataset_multiclass_v4/test/other/esc50_f5_mouse_click_5-244651-A-31.wav,5.0
esc50_f5_can_opening_5-244933-A-34.wav,can_opening,other,0,test,5,esc50_244933,dataset_multiclass_v4/test/other/esc50_f5_can_opening_5-244933-A-34.wav,5.0
esc50_f5_clapping_5-249937-A-22.wav,clapping,clap,2,test,5,esc50_249937,dataset_multiclass_v4/test/clap/esc50_f5_clapping_5-249937-A-22.wav,5.0
esc50_f5_door_wood_knock_5-250026-A-30.wav,door_wood_knock,knock,3,test,5,esc50_250026,dataset_multiclass_v4/test/knock/esc50_f5_door_wood_knock_5-250026-A-30.wav,5.0
esc50_f5_door_wood_knock_5-250026-B-30.wav,door_wood_knock,knock,3,test,5,esc50_250026,dataset_multiclass_v4/test/knock/esc50_f5_door_wood_knock_5-250026-B-30.wav,5.0
esc50_f5_can_opening_5-250753-A-34.wav,can_opening,other,0,test,5,esc50_250753,dataset_multiclass_v4/test/other/esc50_f5_can_opening_5-250753-A-34.wav,5.0
esc50_f5_door_wood_knock_5-251426-A-30.wav,door_wood_knock,knock,3,test,5,esc50_251426,dataset_multiclass_v4/test/knock/esc50_f5_door_wood_knock_5-251426-A-30.wav,5.0
esc50_f5_door_wood_knock_5-251426-B-30.wav,door_wood_knock,knock,3,test,5,esc50_251426,dataset_multiclass_v4/test/knock/esc50_f5_door_wood_knock_5-251426-B-30.wav,5.0
esc50_f5_coughing_5-251489-A-24.wav,coughing,other,0,test,5,esc50_251489,dataset_multiclass_v4/test/other/esc50_f5_coughing_5-251489-A-24.wav,5.0
esc50_f5_can_opening_5-252248-A-34.wav,can_opening,other,0,test,5,esc50_252248,dataset_multiclass_v4/test/other/esc50_f5_can_opening_5-252248-A-34.wav,5.0
esc50_f5_clapping_5-254160-A-22.wav,clapping,clap,2,test,5,esc50_254160,dataset_multiclass_v4/test/clap/esc50_f5_clapping_5-254160-A-22.wav,5.0
esc50_f5_water_drops_5-254832-A-15.wav,water_drops,other,0,test,5,esc50_254832,dataset_multiclass_v4/test/other/esc50_f5_water_drops_5-254832-A-15.wav,5.0
esc50_f5_water_drops_5-254832-B-15.wav,water_drops,other,0,test,5,esc50_254832,dataset_multiclass_v4/test/other/esc50_f5_water_drops_5-254832-B-15.wav,5.0
esc50_f5_door_wood_knock_5-256512-A-30.wav,door_wood_knock,knock,3,test,5,esc50_256512,dataset_multiclass_v4/test/knock/esc50_f5_door_wood_knock_5-256512-A-30.wav,5.0
esc50_f5_water_drops_5-257349-A-15.wav,water_drops,other,0,test,5,esc50_257349,dataset_multiclass_v4/test/other/esc50_f5_water_drops_5-257349-A-15.wav,5.0
esc50_f5_glass_breaking_5-257642-A-39.wav,glass_breaking,other,0,test,5,esc50_257642,dataset_multiclass_v4/test/other/esc50_f5_glass_breaking_5-257642-A-39.wav,5.0
esc50_f5_chirping_birds_5-257839-A-14.wav,chirping_birds,other,0,test,5,esc50_257839,dataset_multiclass_v4/test/other/esc50_f5_chirping_birds_5-257839-A-14.wav,5.0
esc50_f5_water_drops_5-259180-A-15.wav,water_drops,other,0,test,5,esc50_259180,dataset_multiclass_v4/test/other/esc50_f5_water_drops_5-259180-A-15.wav,5.0
esc50_f5_can_opening_5-260011-A-34.wav,can_opening,other,0,test,5,esc50_260011,dataset_multiclass_v4/test/other/esc50_f5_can_opening_5-260011-A-34.wav,5.0
esc50_f5_breathing_5-260164-A-23.wav,breathing,other,0,test,5,esc50_260164,dataset_multiclass_v4/test/other/esc50_f5_breathing_5-260164-A-23.wav,5.0
esc50_f5_glass_breaking_5-260432-A-39.wav,glass_breaking,other,0,test,5,esc50_260432,dataset_multiclass_v4/test/other/esc50_f5_glass_breaking_5-260432-A-39.wav,5.0
esc50_f5_glass_breaking_5-260433-A-39.wav,glass_breaking,other,0,test,5,esc50_260433,dataset_multiclass_v4/test/other/esc50_f5_glass_breaking_5-260433-A-39.wav,5.0
esc50_f5_glass_breaking_5-260434-A-39.wav,glass_breaking,other,0,test,5,esc50_260434,dataset_multiclass_v4/test/other/esc50_f5_glass_breaking_5-260434-A-39.wav,5.0
esc50_f5_water_drops_5-261433-A-15.wav,water_drops,other,0,test,5,esc50_261433,dataset_multiclass_v4/test/other/esc50_f5_water_drops_5-261433-A-15.wav,5.0
esc50_f5_water_drops_5-261439-A-15.wav,water_drops,other,0,test,5,esc50_261439,dataset_multiclass_v4/test/other/esc50_f5_water_drops_5-261439-A-15.wav,5.0
esc50_f5_breathing_5-261464-A-23.wav,breathing,other,0,test,5,esc50_261464,dataset_multiclass_v4/test/other/esc50_f5_breathing_5-261464-A-23.wav,5.0
esc50_f5_water_drops_5-262641-A-15.wav,water_drops,other,0,test,5,esc50_262641,dataset_multiclass_v4/test/other/esc50_f5_water_drops_5-262641-A-15.wav,5.0
esc50_f5_clapping_5-262957-A-22.wav,clapping,clap,2,test,5,esc50_262957,dataset_multiclass_v4/test/clap/esc50_f5_clapping_5-262957-A-22.wav,5.0
esc50_f5_footsteps_5-263490-A-25.wav,footsteps,footstep,1,test,5,esc50_263490,dataset_multiclass_v4/test/footstep/esc50_f5_footsteps_5-263490-A-25.wav,5.0
esc50_f5_footsteps_5-263491-A-25.wav,footsteps,footstep,1,test,5,esc50_263491,dataset_multiclass_v4/test/footstep/esc50_f5_footsteps_5-263491-A-25.wav,5.0
esc50_f5_footsteps_5-263501-A-25.wav,footsteps,footstep,1,test,5,esc50_263501,dataset_multiclass_v4/test/footstep/esc50_f5_footsteps_5-263501-A-25.wav,5.0
esc50_f5_vacuum_cleaner_5-263902-A-36.wav,vacuum_cleaner,other,0,test,5,esc50_263902,dataset_multiclass_v4/test/other/esc50_f5_vacuum_cleaner_5-263902-A-36.wav,5.0
esc50_f5_footsteps_5-51149-A-25.wav,footsteps,footstep,1,test,5,esc50_51149,dataset_multiclass_v4/test/footstep/esc50_f5_footsteps_5-51149-A-25.wav,5.0
v2_footstep_wood_v2_ext_env_surfaces_synth_footstep_wood_017.wav,footstep_wood,footstep,1,train,-1,ext_env_surfaces_synth_footstep_wood_017,dataset_multiclass_v4/train/footstep/v2_footstep_wood_v2_ext_env_surfaces_synth_footstep_wood_017.wav,3.0
v2_footstep_wood_v2_ext_env_surfaces_synth_footstep_wood_013.wav,footstep_wood,footstep,1,train,-1,ext_env_surfaces_synth_footstep_wood_013,dataset_multiclass_v4/train/footstep/v2_footstep_wood_v2_ext_env_surfaces_synth_footstep_wood_013.wav,3.0
v2_footstep_tile_v2_ext_env_surfaces_synth_footstep_tile_014.wav,footstep_tile,footstep,1,train,-1,ext_env_surfaces_synth_footstep_tile_014,dataset_multiclass_v4/train/footstep/v2_footstep_tile_v2_ext_env_surfaces_synth_footstep_tile_014.wav,3.0
v2_footstep_tile_v2_ext_env_surfaces_synth_footstep_tile_002.wav,footstep_tile,footstep,1,train,-1,ext_env_surfaces_synth_footstep_tile_002,dataset_multiclass_v4/train/footstep/v2_footstep_tile_v2_ext_env_surfaces_synth_footstep_tile_002.wav,3.0
v2_footstep_carpet_v2_ext_env_surfaces_synth_footstep_carpet_015.wav,footstep_carpet,footstep,1,train,-1,ext_env_surfaces_synth_footstep_carpet_015,dataset_multiclass_v4/train/footstep/v2_footstep_carpet_v2_ext_env_surfaces_synth_footstep_carpet_015.wav,3.0
v2_footstep_boots_v2_ext_env_surfaces_synth_footstep_boots_024.wav,footstep_boots,footstep,1,train,-1,ext_env_surfaces_synth_footstep_boots_024,dataset_multiclass_v4/train/footstep/v2_footstep_boots_v2_ext_env_surfaces_synth_footstep_boots_024.wav,3.0
v2_footstep_tile_v2_ext_env_surfaces_synth_footstep_tile_010.wav,footstep_tile,footstep,1,train,-1,ext_env_surfaces_synth_footstep_tile_010,dataset_multiclass_v4/train/footstep/v2_footstep_tile_v2_ext_env_surfaces_synth_footstep_tile_010.wav,3.0
v2_footstep_tile_v2_ext_env_surfaces_synth_footstep_tile_030.wav,footstep_tile,footstep,1,validation,-1,ext_env_surfaces_synth_footstep_tile_030,dataset_multiclass_v4/validation/footstep/v2_footstep_tile_v2_ext_env_surfaces_synth_footstep_tile_030.wav,3.0
v2_footstep_wood_v2_ext_env_surfaces_synth_footstep_wood_025.wav,footstep_wood,footstep,1,train,-1,ext_env_surfaces_synth_footstep_wood_025,dataset_multiclass_v4/train/footstep/v2_footstep_wood_v2_ext_env_surfaces_synth_footstep_wood_025.wav,3.0
v2_footstep_wood_v2_ext_env_surfaces_synth_footstep_wood_029.wav,footstep_wood,footstep,1,train,-1,ext_env_surfaces_synth_footstep_wood_029,dataset_multiclass_v4/train/footstep/v2_footstep_wood_v2_ext_env_surfaces_synth_footstep_wood_029.wav,3.0
v2_knocking_v2_ext_env_surfaces_synth_door_knock_022.wav,knocking,knock,3,train,-1,ext_env_surfaces_synth_door_knock_022,dataset_multiclass_v4/train/knock/v2_knocking_v2_ext_env_surfaces_synth_door_knock_022.wav,3.0
v2_footstep_tile_v2_ext_env_surfaces_synth_footstep_tile_026.wav,footstep_tile,footstep,1,train,-1,ext_env_surfaces_synth_footstep_tile_026,dataset_multiclass_v4/train/footstep/v2_footstep_tile_v2_ext_env_surfaces_synth_footstep_tile_026.wav,3.0
v2_footstep_carpet_v2_ext_env_surfaces_synth_footstep_carpet_003.wav,footstep_carpet,footstep,1,train,-1,ext_env_surfaces_synth_footstep_carpet_003,dataset_multiclass_v4/train/footstep/v2_footstep_carpet_v2_ext_env_surfaces_synth_footstep_carpet_003.wav,3.0
v2_footstep_wood_v2_ext_env_surfaces_synth_footstep_wood_005.wav,footstep_wood,footstep,1,validation,-1,ext_env_surfaces_synth_footstep_wood_005,dataset_multiclass_v4/validation/footstep/v2_footstep_wood_v2_ext_env_surfaces_synth_footstep_wood_005.wav,3.0
v2_footstep_wood_v2_ext_env_surfaces_synth_footstep_wood_009.wav,footstep_wood,footstep,1,train,-1,ext_env_surfaces_synth_footstep_wood_009,dataset_multiclass_v4/train/footstep/v2_footstep_wood_v2_ext_env_surfaces_synth_footstep_wood_009.wav,3.0
v2_footstep_boots_v2_ext_env_surfaces_synth_footstep_boots_012.wav,footstep_boots,footstep,1,train,-1,ext_env_surfaces_synth_footstep_boots_012,dataset_multiclass_v4/train/footstep/v2_footstep_boots_v2_ext_env_surfaces_synth_footstep_boots_012.wav,3.0
v2_footstep_carpet_v2_ext_env_surfaces_synth_footstep_carpet_007.wav,footstep_carpet,footstep,1,validation,-1,ext_env_surfaces_synth_footstep_carpet_007,dataset_multiclass_v4/validation/footstep/v2_footstep_carpet_v2_ext_env_surfaces_synth_footstep_carpet_007.wav,3.0
v2_footstep_tile_v2_ext_env_surfaces_synth_footstep_tile_018.wav,footstep_tile,footstep,1,train,-1,ext_env_surfaces_synth_footstep_tile_018,dataset_multiclass_v4/train/footstep/v2_footstep_tile_v2_ext_env_surfaces_synth_footstep_tile_018.wav,3.0
v2_footstep_boots_v2_ext_env_surfaces_synth_footstep_boots_004.wav,footstep_boots,footstep,1,train,-1,ext_env_surfaces_synth_footstep_boots_004,dataset_multiclass_v4/train/footstep/v2_footstep_boots_v2_ext_env_surfaces_synth_footstep_boots_004.wav,3.0
v2_footstep_wood_v2_ext_env_surfaces_synth_footstep_wood_001.wav,footstep_wood,footstep,1,train,-1,ext_env_surfaces_synth_footstep_wood_001,dataset_multiclass_v4/train/footstep/v2_footstep_wood_v2_ext_env_surfaces_synth_footstep_wood_001.wav,3.0
v2_footstep_boots_v2_ext_env_surfaces_synth_footstep_boots_028.wav,footstep_boots,footstep,1,train,-1,ext_env_surfaces_synth_footstep_boots_028,dataset_multiclass_v4/train/footstep/v2_footstep_boots_v2_ext_env_surfaces_synth_footstep_boots_028.wav,3.0
v2_knocking_v2_ext_env_surfaces_synth_door_knock_010.wav,knocking,knock,3,train,-1,ext_env_surfaces_synth_door_knock_010,dataset_multiclass_v4/train/knock/v2_knocking_v2_ext_env_surfaces_synth_door_knock_010.wav,3.0
v2_footstep_boots_v2_ext_env_surfaces_synth_footstep_boots_016.wav,footstep_boots,footstep,1,train,-1,ext_env_surfaces_synth_footstep_boots_016,dataset_multiclass_v4/train/footstep/v2_footstep_boots_v2_ext_env_surfaces_synth_footstep_boots_016.wav,3.0
v2_footstep_wood_v2_ext_env_surfaces_synth_footstep_wood_021.wav,footstep_wood,footstep,1,validation,-1,ext_env_surfaces_synth_footstep_wood_021,dataset_multiclass_v4/validation/footstep/v2_footstep_wood_v2_ext_env_surfaces_synth_footstep_wood_021.wav,3.0
v2_knocking_v2_ext_env_surfaces_synth_door_knock_028.wav,knocking,knock,3,train,-1,ext_env_surfaces_synth_door_knock_028,dataset_multiclass_v4/train/knock/v2_knocking_v2_ext_env_surfaces_synth_door_knock_028.wav,3.0
v2_footstep_boots_v2_ext_env_surfaces_synth_footstep_boots_020.wav,footstep_boots,footstep,1,train,-1,ext_env_surfaces_synth_footstep_boots_020,dataset_multiclass_v4/train/footstep/v2_footstep_boots_v2_ext_env_surfaces_synth_footstep_boots_020.wav,3.0
v2_footstep_carpet_v2_ext_env_surfaces_synth_footstep_carpet_011.wav,footstep_carpet,footstep,1,validation,-1,ext_env_surfaces_synth_footstep_carpet_011,dataset_multiclass_v4/validation/footstep/v2_footstep_carpet_v2_ext_env_surfaces_synth_footstep_carpet_011.wav,3.0
v2_knocking_v2_ext_env_surfaces_synth_door_knock_016.wav,knocking,knock,3,train,-1,ext_env_surfaces_synth_door_knock_016,dataset_multiclass_v4/train/knock/v2_knocking_v2_ext_env_surfaces_synth_door_knock_016.wav,3.0
v2_footstep_carpet_v2_ext_env_surfaces_synth_footstep_carpet_027.wav,footstep_carpet,footstep,1,validation,-1,ext_env_surfaces_synth_footstep_carpet_027,dataset_multiclass_v4/validation/footstep/v2_footstep_carpet_v2_ext_env_surfaces_synth_footstep_carpet_027.wav,3.0
v2_footstep_carpet_v2_ext_env_surfaces_synth_footstep_carpet_019.wav,footstep_carpet,footstep,1,train,-1,ext_env_surfaces_synth_footstep_carpet_019,dataset_multiclass_v4/train/footstep/v2_footstep_carpet_v2_ext_env_surfaces_synth_footstep_carpet_019.wav,3.0
v2_knocking_v2_ext_env_surfaces_synth_door_knock_004.wav,knocking,knock,3,validation,-1,ext_env_surfaces_synth_door_knock_004,dataset_multiclass_v4/validation/knock/v2_knocking_v2_ext_env_surfaces_synth_door_knock_004.wav,3.0
v2_footstep_boots_v2_ext_env_surfaces_synth_footstep_boots_008.wav,footstep_boots,footstep,1,train,-1,ext_env_surfaces_synth_footstep_boots_008,dataset_multiclass_v4/train/footstep/v2_footstep_boots_v2_ext_env_surfaces_synth_footstep_boots_008.wav,3.0
v2_footstep_carpet_v2_ext_env_surfaces_synth_footstep_carpet_023.wav,footstep_carpet,footstep,1,train,-1,ext_env_surfaces_synth_footstep_carpet_023,dataset_multiclass_v4/train/footstep/v2_footstep_carpet_v2_ext_env_surfaces_synth_footstep_carpet_023.wav,3.0
v2_footstep_tile_v2_ext_env_surfaces_synth_footstep_tile_006.wav,footstep_tile,footstep,1,validation,-1,ext_env_surfaces_synth_footstep_tile_006,dataset_multiclass_v4/validation/footstep/v2_footstep_tile_v2_ext_env_surfaces_synth_footstep_tile_006.wav,3.0
v2_footstep_tile_v2_ext_env_surfaces_synth_footstep_tile_022.wav,footstep_tile,footstep,1,train,-1,ext_env_surfaces_synth_footstep_tile_022,dataset_multiclass_v4/train/footstep/v2_footstep_tile_v2_ext_env_surfaces_synth_footstep_tile_022.wav,3.0
